{"stats":{"minecraft:broken":{"tfc:stone/shovel/metamorphic":6,"tfc:stone/knife/metamorphic":1,"tfc:stone/shovel/sedimentary":1,"tfc:stone/axe/metamorphic":1},"minecraft:picked_up":{"tfc:ceramic/unfired_pickaxe_head_mold":5,"tfc:wood/support/chestnut":16,"tfc:ceramic/unfired_propick_head_mold":6,"tfc:food/tomato":4,"choppingblock:chopping_block":1,"minecraft:clay_ball":198,"tfc:stone/shovel/metamorphic":3,"tfc:plant/snowberry_bush":1,"butchersdelight:deadpig":1,"tfc:seeds/tomato":1,"minecraft:flint":50,"tfc:stone/axe_head/metamorphic":2,"tfc:ceramic/pickaxe_head_mold":1,"tfc:ceramic/propick_head_mold":1,"tfc:pan/empty":1,"tfc:straw":105,"tfc:ceramic/jug":1,"tfc:rock/gravel/slate":298,"minecraft:bone":8,"tfc:ceramic/unfired_ingot_mold":1,"tfc:wood/log/chestnut":72,"tfc:ceramic/unfired_axe_head_mold":1,"butchersdelight:deadrabbitbrown":1,"minecraft:gold_nugget":3,"tfc:dirt/silty_loam":10,"tfc:ceramic/saw_blade_mold":1,"tfc:stone/javelin/metamorphic":3,"tfc:seeds/potato":4,"immersiveengineering:nugget_silver":5,"tfcorewashing:copper_powder":17,"minecraft:stick":114,"tfc:plant/ostrich_fern":2,"patchouli:guide_book":1,"tfc:ore/small_native_copper":24,"tfc:ceramic/vessel":1,"tfc:medium_raw_hide":1,"tfc:stone/shovel/sedimentary":1,"tfc:stone/shovel_head/sedimentary":1,"tfc:plant/trillium":1,"tfc:stone/axe/metamorphic":2,"tfc:food/green_bean":7,"tfc:rock/loose/slate":48,"tfc:rock/loose/shale":6,"dttfc:chestnut_seed":11,"minecraft:clay":32,"tfc:wood/twig/chestnut":1,"tfc:ceramic/unfired_chisel_head_mold":1,"tfc:food/potato":8,"tfc:wood/stripped_log/chestnut":4,"tfc:ceramic/ingot_mold":1,"tfc:stone/javelin_head/metamorphic":1,"tfc:ceramic/unfired_pan":7,"farmersdelight:tree_bark":4,"tfc:torch":5,"tfc:ceramic/unfired_saw_blade_mold":5,"tfc:seeds/green_bean":4,"minecraft:baked_potato":1,"tfc:ceramic/chisel_head_mold":1},"minecraft:used":{"tfc:wood/log/chestnut":2,"tfc:rock/gravel/slate":170,"tfc:pan/filled":172,"minecraft:baked_potato":1,"choppingblock:chopping_block":1,"tfc:stone/shovel/metamorphic":349,"tfc:stone/javelin/metamorphic":11,"minecraft:rotten_flesh":3,"tfc:food/tomato":2,"tfc:rock/cobble/slate":3,"tfc:stone/shovel/sedimentary":51,"tfc:stone/knife/metamorphic":55,"tfc:stone/axe/metamorphic":11,"tfc:dirt/silty_loam":4,"waystones:waystone":1,"tfc:wood/fallen_leaves/chestnut":1,"tfc:ore/small_native_copper":1,"tfc:food/potato":1,"tfc:pan/empty":344,"tfc:torch":33,"farmersdelight:cutting_board":1,"tfc:firestarter":8,"minecraft:air":1},"minecraft:crafted":{"tfc:stone/shovel/sedimentary":1,"tfc:rock/cobble/slate":3,"tfc:stone/javelin/metamorphic":1,"tfcorewashing:pellet_copper":4,"htm:plant_string":4,"tfc:stone/knife/sedimentary":1,"farmersdelight:cutting_board":1,"tfcorewashing:briquet_copper":1,"tfc:stone/shovel/metamorphic":7,"tfc:firestarter":2,"tfc:stone/knife/metamorphic":1,"tfc:stone/axe/metamorphic":2},"minecraft:killed":{"tfc:rabbit":1,"tfc:pig":1},"minecraft:dropped":{"minecraft:clay":32,"tfc:wood/log/chestnut":7,"tfc:rock/gravel/slate":109,"tfc:straw":70,"tfc:plant/trillium":1,"tfc:wood/twig/chestnut":1,"tfc:rock/loose/shale":1,"tfc:medium_raw_hide":1,"minecraft:clay_ball":117,"immersiveengineering:nugget_silver":3,"tfc:stone/shovel_head/sedimentary":1,"tfc:dirt/silty_loam":3,"tfc:food/potato":8,"minecraft:stick":38,"minecraft:flint":20,"tfc:plant/ostrich_fern":2,"tfc:food/green_bean":7,"tfc:stone/javelin_head/metamorphic":1,"tfc:torch":1,"tfc:ceramic/unfired_propick_head_mold":1,"exnihilosequentia:wooden_crook":1,"tfc:stone/javelin/metamorphic":1,"minecraft:gold_nugget":13,"tfcorewashing:copper_powder":105,"tfc:rock/loose/slate":24,"butchersdelight:deadpig":1,"tfc:stone/axe/metamorphic":1,"tfcorewashing:briquet_copper":1,"tfc:ore/small_native_copper":12,"minecraft:bone":2,"tfc:stone/axe_head/metamorphic":2},"minecraft:mined":{"tfc:rock/loose/shale":2,"tfc:plant/field_horsetail":1,"tfc:pit_kiln":1,"tfc:plant/lady_fern":5,"tfc:plant/tall_fescue_grass":43,"tfc:grass/silty_loam":7,"tfc:plant/ryegrass":8,"tfc:wall_torch":1,"tfc:plant/scutch_grass":24,"tfc:wild_crop/green_bean":4,"tfc:ore/small_native_copper":1,"tfc:plant/bromegrass":43,"tfc:placed_item":14,"tfc:torch":3,"tfc:clay/silty_loam":56,"tfc:wild_crop/potato":4,"tfc:wild_crop/tomato":1,"tfc:plant/moss":1,"minecraft:fire":8,"tfc:plant/timothy_grass":11,"tfc:plant/switchgrass":13,"tfc:plant/trillium":1,"choppingblock:chopping_block":1,"tfc:rock/gravel/slate":314,"tfc:clay_grass/silty_loam":29,"tfc:plant/ostrich_fern":2},"minecraft:killed_by":{"minecraft:player":2,"tfc:direwolf":1},"minecraft:custom":{"minecraft:mob_kills":2,"minecraft:inspect_hopper":3,"minecraft:leave_game":3,"minecraft:time_since_death":6388,"minecraft:climb_one_cm":633,"minecraft:time_since_rest":6415,"minecraft:waystone_activated":2,"minecraft:sprint_one_cm":226920,"minecraft:damage_taken":1207,"minecraft:walk_one_cm":277979,"minecraft:drop":77,"minecraft:damage_dealt":291,"minecraft:walk_under_water_one_cm":281,"minecraft:fly_one_cm":516537,"minecraft:play_time":213156,"minecraft:open_chest":12,"minecraft:crouch_one_cm":57823,"minecraft:sneak_time":19614,"minecraft:deaths":9,"minecraft:jump":2799,"minecraft:walk_on_water_one_cm":91153,"minecraft:total_world_time":213156,"minecraft:fall_one_cm":69734}},"DataVersion":2975}