{"stats":{"minecraft:broken":{"tfc:stone/hoe/metamorphic":1,"tfc:stone/knife/sedimentary":5,"tfc:stone/hoe/sedimentary":1,"tfc:stone/shovel/sedimentary":10,"tfc:stone/axe/sedimentary":10,"htm:flint_shears":2,"tfc:firestarter":3},"minecraft:killed":{"tfc:grizzly_bear":1,"untamedwilds:newt":1,"untamedwilds:tortoise":1},"minecraft:custom":{"minecraft:mob_kills":3,"minecraft:inspect_hopper":1,"minecraft:interact_with_crafting_table":50,"minecraft:leave_game":3,"minecraft:time_since_death":541487,"minecraft:climb_one_cm":13818,"minecraft:sprint_one_cm":365402,"minecraft:walk_one_cm":1713214,"minecraft:drop":257,"minecraft:talked_to_villager":1,"minecraft:play_time":541487,"minecraft:walk_under_water_one_cm":4060,"minecraft:sneak_time":37986,"minecraft:jump":3034,"minecraft:walk_on_water_one_cm":65030,"minecraft:total_world_time":541487,"minecraft:time_since_rest":541487,"minecraft:waystone_activated":3,"minecraft:damage_taken":254,"minecraft:damage_dealt":519,"minecraft:fly_one_cm":291522,"minecraft:open_chest":227,"minecraft:crouch_one_cm":119280,"minecraft:fall_one_cm":48671},"minecraft:used":{"tfc:wood/sluice/chestnut":5,"tfc:wood/planks/chestnut_slab":1,"tfc:food/carrot":10,"tfc:wood/leaves/oak":191,"tfc:plant/trillium":2,"tfc:quern":1,"minecraft:ladder":36,"tfc:plant/dandelion":15,"tfc:rock/cobble/shale":1,"tfc:stone/axe/sedimentary":47,"tfc:stone/knife/sedimentary":297,"woodenhopper:wooden_hopper":3,"minecraft:stick":9,"minecraft:torch":1,"tfc:stone/hoe/sedimentary":72,"tfc:stone/shovel/sedimentary":500,"exnihilosequentia:birch_sieve":1,"adchimneys:stone_vent":5,"tfc:food/wheat_grain":9,"tfc:seeds/carrot":6,"firmalife:beehive":2,"tfc:plant/gooseberry_bush":1,"tfc:wood/log/maple":3,"tfc:rock/loose/shale":3,"tfc:food/cooked_bear":11,"exnihilosequentia:wooden_crook":210,"tfc:food/vegetables_soup":4,"farmersdelight:cutting_board":1,"dttfc:maple_seed":3,"tfc:stone/hoe/metamorphic":1,"tfc:wood/planks/oak_workbench":1,"tfc:seeds/wheat":8,"tfc:seeds/potato":11,"dttfc:chestnut_seed":3,"tfc:wood/log/chestnut":1,"tfc:seeds/green_bean":5,"tfc:pan/filled":146,"tfc:plant/tulip_orange":24,"minecraft:baked_potato":2,"tfc:seeds/jute":16,"tfc:stone/shovel/metamorphic":1,"tfc:food/cooked_turtle":3,"tfc:food/green_bean":8,"tfc:wood/support/chestnut":10,"tfc:rock/cobble/slate":6,"htm:flint_shears":194,"tfc:plant/houstonia":33,"tfc:dirt/sandy_loam":2,"tfc:dirt/silty_loam":193,"tfc:wood/chest/chestnut":12,"tfc:rock/gravel/shale":99,"waystones:waystone":1,"tfc:metal/pickaxe/copper":184,"tfc:wood/barrel/chestnut":13,"precisionprospecting:metal/prospector_hammer/copper":82,"tfc:ceramic/large_vessel":3,"dttfc:oak_seed":1,"tfc:food/potato":10,"minecraft:melon_slice":8,"tfc:stone/javelin/sedimentary":1651,"tfc:pan/empty":292,"tfc:wood/sluice/maple":1,"tfc:seeds/oat":8,"tfc:torch":63,"tfc:firestarter":69,"exnihilosequentia:silkworm":40,"minecraft:air":14,"tfc:wood/planks/chestnut_tool_rack":2,"tfc:rock/gravel/slate":8},"minecraft:mined":{"tfc:plant/lotus":83,"tfc:plant/gooseberry_bush":1,"tfc:wood/sluice/chestnut":1,"tfc:rock/loose/shale":2,"tfc:plant/houstonia":42,"tfc:wood/vertical_support/chestnut":1,"tfc:plant/coontail":14,"tfc:wood/planks/oak_workbench":1,"tfc:wild_crop/carrot":5,"tfc:plant/tall_fescue_grass":371,"tfc:dirt/silty_loam":46,"minecraft:ladder":1,"tfc:ore/poor_sphalerite/slate":2,"tfc:grass/silty_loam":210,"tfc:wall_torch":4,"tfc:rock/raw/slate":104,"tfc:rock/cobble/shale":10,"tfc:charcoal_pile":24,"tfc:wild_crop/green_bean":5,"tfc:plant/bromegrass":292,"dttfc:oak_leaves":194,"tfc:plant/pickerelweed":20,"tfc:groundcover/stick":2,"tfc:plant/tulip_orange":29,"tfc:wild_crop/potato":9,"tfc:ore/rich_sphalerite/slate":1,"tfc:ore/rich_tetrahedrite/slate":13,"minecraft:fire":9,"tfc:wood/chest/chestnut":3,"tfc:plant/timothy_grass":207,"tfc:wood/barrel/chestnut":9,"tfc:plant/cattail":1,"tfc:rock/gravel/shale":122,"tfc:plant/switchgrass":542,"tfc:plant/trillium":8,"tfc:plant/marigold":29,"tfc:ore/normal_tetrahedrite/slate":25,"tfc:wood/leaves/oak":159,"tfc:plant/water_lily":78,"dttfc:chestnut_undergrowth_leaves":10,"tfc:ore/normal_sphalerite/slate":9,"tfc:clay_grass/silty_loam":31,"tfc:crop/jute":5,"tfc:crop/carrot":1,"tfc:wood/sluice/maple":1,"tfc:ore/poor_tetrahedrite/slate":7,"tfc:wild_crop/jute":10,"tfc:plant/field_horsetail":18,"tfc:plant/maiden_pink":4,"tfc:crop/wheat":2,"tfc:plant/lady_fern":23,"minecraft:torch":1,"tfc:dead_torch":1,"tfc:wild_crop/wheat":6,"tfc:wood/log/maple":3,"tfc:wild_crop/oat":10,"tfc:plant/ryegrass":1,"tfc:rock/raw/shale":9,"tfc:plant/scutch_grass":416,"tfc:plant/arrowhead":52,"tfc:plant/dandelion":19,"tfc:plant/sword_fern":17,"tfc:plant/athyrium_fern":1,"dttfc:maple_undergrowth_leaves":3,"tfc:torch":6,"tfc:wood/fallen_leaves/chestnut":5,"tfc:plant/morning_glory":4,"tfc:clay/silty_loam":56,"tfc:crop/potato":2,"tfc:rock/cobble/slate":1,"tfc:plant/moss":23,"tfc:plant/dry_phragmite_plant":2,"tfc:ceramic/large_vessel":1,"tfc:plant/sago":5,"tfc:wood/twig/chestnut":4,"tfc:melon":2,"tfc:grass_path/sandy_loam":2,"tfc:rock/gravel/slate":12,"tfc:rock/hardened/slate":1,"exnihilosequentia:infested_leaves":52,"tfc:plant/ostrich_fern":10},"minecraft:picked_up":{"minecraft:charcoal":24,"dttfc:maple_seed":7,"minecraft:ladder":2,"minecraft:clay_ball":165,"tfc:seeds/pumpkin":1,"tfc:wood/planks/oak_workbench":1,"tfc:food/vegetables_soup":2,"tfc:rock/raw/shale":6,"tfc:seeds/carrot":7,"create_hc:gear_small":3,"tfc:ceramic/pickaxe_head_mold":1,"tfc:ore/rich_tetrahedrite":13,"minecraft:string":80,"tfcorewashing:pile_black_sand":47,"tfc:rock/loose/andesite":152,"tfc:straw":125,"tfc:food/carrot":10,"tfc:rock/gravel/slate":11,"tfc:rock/gravel/shale":171,"tfc:plant/arrowhead":1,"tfc:dirt/sandy_loam":2,"tfc:plant/gooseberry_bush":1,"minecraft:gold_nugget":2,"tfc:dirt/silty_loam":270,"tfc:ceramic/large_vessel":1,"tfc:plant/lotus":12,"tfcorewashing:copper_powder":8,"tfcorewashing:dirty_pile_tetrahedrite":46,"tfc:plant/dandelion":15,"minecraft:stick":334,"tfc:wood/sluice/maple":1,"tfc:plant/ostrich_fern":2,"tfc:food/wheat":18,"minecraft:torch":1,"tfc:plant/water_lily":2,"tfcorewashing:dirty_pile_sphalerite":15,"tfc:ore/normal_sphalerite":9,"untamedwilds:hide_bear_brown":1,"minecraft:pointed_dripstone":1,"tfc:melon":2,"tfc:plant/houstonia":33,"tfc:food/oat":18,"tfc:plant/trillium":2,"tfc:seeds/jute":16,"tfc:wood/log/maple":45,"tfc:food/green_bean":11,"tfc:plant/lady_fern":2,"tfc:rock/loose/shale":23,"dttfc:chestnut_seed":42,"tfc:wood/twig/chestnut":5,"tfc:wood/support/maple":4,"tfc:wood/stripped_log/chestnut":44,"tfc:ore/rich_sphalerite":1,"farmersdelight:tree_bark":44,"tfc:wood/chest/chestnut":4,"tfc:ore/normal_tetrahedrite":25,"tfc:plant/coontail":1,"tfc:torch":18,"tfc:seeds/green_bean":5,"tfc:food/turtle":3,"tfc:wood/leaves/oak":191,"dttfc:oak_seed":21,"tfc:plant/scutch_grass":2,"tfc:rock/cobble/shale":10,"waterstrainer:worm":3,"tfc:stone/knife/sedimentary":1,"tfc:wood/support/chestnut":151,"tfcorewashing:chunks_sphalerite":6,"tfc:rock/cobble/slate":1,"tfc:seeds/wheat":9,"waterflasks:bladder":1,"minecraft:flint":12,"tfc:stick_bunch":15,"tfc:seeds/oat":14,"minecraft:bone":16,"tfc:wood/log/chestnut":251,"tfc:plant/marigold":3,"tfc:plant/bromegrass":1,"tfcorewashing:chunks_tetrahedrite":185,"tfc:seeds/potato":11,"tfc:ore/poor_sphalerite":2,"tfc:plant/tulip_orange":24,"tfc:wood/sluice/chestnut":2,"tfc:jute":29,"tfc:seeds/melon":1,"tfc:ore/small_native_copper":4,"tfcorewashing:rocky_chunks_sphalerite":4,"tfc:blubber":3,"tfc:ceramic/vessel":4,"tfc:ore/poor_tetrahedrite":7,"exnihilosequentia:silkworm":73,"tfc:wood/fallen_leaves/chestnut":7,"tfc:wood/barrel/chestnut":9,"tfc:plant/moss":2,"tfc:rock/loose/slate":292,"tfc:food/potato":15,"tfc:ceramic/ingot_mold":4,"tfc:food/bear":11,"tfc:rock/loose/dolomite":38,"tfc:ceramic/chisel_head_mold":1},"minecraft:dropped":{"dttfc:chestnut_seed":3,"tfc:wood/log/chestnut":4,"tfc:food/vegetables_soup":2,"tfc:straw":7,"tfc:rock/loose/shale":26,"tfc:stick_bunch":15,"tfc:wood/twig/chestnut":4,"minecraft:stick":20,"minecraft:flint":7,"tfc:ceramic/chisel_head_mold":1,"tfcorewashing:dirty_dust_tetrahedrite":138,"tfcorewashing:copper_powder":8,"tfcorewashing:dirty_pile_sphalerite":15,"tfcorewashing:dirty_dust_sphalerite":37,"tfc:stone/knife/sedimentary":2,"tfc:wood/log/maple":2,"tfc:firestarter":1,"tfcorewashing:chunks_sphalerite":6,"tfcorewashing:pile_black_sand":5,"tfc:rock/loose/dolomite":5,"tfc:seeds/oat":3,"tfcorewashing:rocky_chunks_tetrahedrite":185,"tfc:ceramic/ingot_mold":4,"tfc:dirt/silty_loam":21,"tfc:ceramic/pickaxe_head_mold":1,"tfc:rock/gravel/shale":65,"tfc:torch":9,"tfcorewashing:rocky_chunks_sphalerite":62,"tfc:rock/loose/slate":54,"tfc:plant/lady_fern":1,"tfc:ceramic/vessel":4,"tfc:ore/small_native_copper":4},"minecraft:crafted":{"htm:flint_shears":2,"tfc:stone/axe/sedimentary":11,"tfcorewashing:rocky_chunks_tetrahedrite":185,"exnihilosequentia:birch_sieve":1,"tfc:wood/barrel/chestnut":4,"tfc:metal/chisel/copper":1,"tfcorewashing:dirty_dust_tetrahedrite":17,"firmalife:beehive":2,"minecraft:melon_slice":8,"tfcorewashing:pellet_copper":15,"htm:plant_string":5,"tfc:food/oat_grain":18,"adchimneys:stone_vent":8,"tfc:stone/hoe/sedimentary":2,"tfc:rock/smooth/shale":2,"htm:flint_scrap":6,"waterstrainer:string_mesh":15,"minecraft:ladder":66,"tfc:handstone":1,"tfc:thatch":2,"htm:flint_sharped":4,"adchimneys:stone_chimney":8,"tfc:wood/planks/chestnut_tool_rack":2,"tfc:wood/planks/chestnut_slab":6,"tfc:wood/chest/chestnut":11,"exnihilosequentia:wooden_crook":1,"tfc:stone/shovel/sedimentary":10,"firmalife:beehive_frame":11,"create:andesite_alloy":5,"woodenhopper:wooden_hopper":3,"tfc:rock/cobble/andesite":28,"tfc:rock/cobble/slate":27,"tfc:quern":1,"tfc:stone/hammer/sedimentary":3,"tfcorewashing:rocky_chunks_sphalerite":58,"tfc:stone/knife/sedimentary":7,"tfc:wood/planks/chestnut":7,"tfc:wood/lumber/maple":8,"tfc:metal/chisel_head/copper":1,"farmersdelight:cutting_board":1,"minecraft:stick":143,"tfc:stone/shovel/metamorphic":1,"tfc:rock/cobble/shale":4,"tfc:firestarter":5,"tfc:wood/sluice/chestnut":3,"precisionprospecting:metal/prospector_hammer_head/copper":1,"precisionprospecting:metal/prospector_hammer/copper":1,"tfc:wooden_bucket":1,"tfc:metal/saw_blade/copper":1,"tfc:food/wheat_grain":18,"tfc:stone/javelin/sedimentary":2,"tfc:metal/pickaxe_head/copper":1,"tfc:metal/pickaxe/copper":1,"tfc:stick_bunch":19,"tfc:wood/lumber/chestnut":248,"exnihilosequentia:string_mesh":1,"tfc:metal/saw/copper":1}},"DataVersion":2975}