{"stats":{"minecraft:broken":{"tfc:stone/hoe/metamorphic":1,"tfc:stone/knife/sedimentary":5,"tfc:stone/hoe/sedimentary":1,"tfc:stone/shovel/sedimentary":6,"tfc:stone/axe/sedimentary":3,"tfc:firestarter":1},"minecraft:used":{"tfc:food/carrot":8,"tfc:wood/planks/chestnut_tool_rack":1,"tfc:wood/leaves/oak":60,"tfc:stone/axe/sedimentary":22,"tfc:stone/knife/sedimentary":261,"minecraft:stick":7,"minecraft:torch":1,"tfc:stone/hoe/sedimentary":50,"tfc:stone/shovel/sedimentary":333,"tfc:seeds/carrot":5,"tfc:plant/gooseberry_bush":1,"tfc:wood/log/maple":3,"exnihilosequentia:wooden_crook":60,"tfc:food/cooked_bear":11,"tfc:rock/loose/shale":3,"tfc:wood/planks/oak_workbench":1,"tfc:seeds/wheat":6,"tfc:stone/hoe/metamorphic":1,"tfc:seeds/potato":5,"tfc:wood/log/chestnut":1,"tfc:pan/filled":138,"tfc:seeds/jute":5,"tfc:food/cooked_turtle":3,"htm:flint_shears":62,"tfc:dirt/sandy_loam":2,"tfc:dirt/silty_loam":128,"tfc:wood/chest/chestnut":2,"tfc:rock/gravel/shale":96,"waystones:waystone":1,"tfc:ceramic/large_vessel":3,"dttfc:oak_seed":1,"tfc:food/potato":8,"tfc:wood/barrel/chestnut":6,"tfc:stone/javelin/sedimentary":156,"tfc:pan/empty":276,"tfc:wood/sluice/maple":1,"tfc:torch":13,"tfc:seeds/oat":8,"tfc:firestarter":28,"exnihilosequentia:silkworm":6,"minecraft:air":4},"minecraft:crafted":{"htm:flint_shears":1,"tfc:stone/axe/sedimentary":4,"tfc:wood/barrel/chestnut":4,"tfcorewashing:pellet_copper":10,"htm:plant_string":3,"tfc:food/oat_grain":18,"tfc:stone/hoe/sedimentary":2,"htm:flint_scrap":4,"htm:flint_sharped":2,"tfc:wood/planks/chestnut_tool_rack":1,"tfc:wood/chest/chestnut":2,"exnihilosequentia:wooden_crook":1,"tfc:stone/shovel/sedimentary":7,"tfc:stone/knife/sedimentary":6,"minecraft:stick":3,"tfc:firestarter":2,"precisionprospecting:metal/prospector_hammer_head/copper":1,"precisionprospecting:metal/prospector_hammer/copper":1,"tfc:metal/saw_blade/copper":1,"tfc:wooden_bucket":1,"tfc:food/wheat_grain":14,"tfc:stone/javelin/sedimentary":2,"tfc:wood/lumber/chestnut":60,"tfc:metal/saw/copper":1},"minecraft:mined":{"tfc:plant/lotus":83,"tfc:plant/gooseberry_bush":1,"tfc:rock/loose/shale":2,"tfc:plant/houstonia":33,"tfc:plant/coontail":14,"tfc:wild_crop/carrot":5,"tfc:plant/tall_fescue_grass":75,"tfc:wood/planks/oak_workbench":1,"tfc:grass/silty_loam":136,"tfc:dirt/silty_loam":2,"tfc:plant/bromegrass":71,"dttfc:oak_leaves":62,"tfc:plant/pickerelweed":20,"tfc:wild_crop/potato":5,"tfc:plant/tulip_orange":25,"tfc:plant/timothy_grass":28,"tfc:rock/gravel/shale":107,"tfc:wood/barrel/chestnut":3,"tfc:plant/trillium":2,"tfc:plant/switchgrass":141,"tfc:plant/water_lily":78,"tfc:wood/leaves/oak":61,"tfc:plant/marigold":28,"dttfc:chestnut_undergrowth_leaves":10,"tfc:clay_grass/silty_loam":31,"tfc:wood/sluice/maple":1,"tfc:wild_crop/jute":5,"tfc:plant/field_horsetail":1,"tfc:plant/maiden_pink":1,"tfc:plant/lady_fern":8,"minecraft:torch":1,"tfc:wild_crop/wheat":6,"tfc:wild_crop/oat":10,"tfc:plant/ryegrass":1,"tfc:plant/scutch_grass":107,"tfc:plant/dandelion":14,"tfc:plant/arrowhead":52,"tfc:plant/sword_fern":1,"dttfc:maple_undergrowth_leaves":1,"tfc:wood/fallen_leaves/chestnut":5,"tfc:clay/silty_loam":56,"tfc:plant/morning_glory":1,"tfc:plant/moss":13,"tfc:plant/dry_phragmite_plant":1,"tfc:ceramic/large_vessel":1,"tfc:plant/sago":5,"tfc:wood/twig/chestnut":4,"tfc:grass_path/sandy_loam":2,"tfc:plant/ostrich_fern":3},"minecraft:dropped":{"dttfc:chestnut_seed":3,"tfc:wood/log/chestnut":4,"tfc:straw":5,"tfc:wood/twig/chestnut":4,"tfc:rock/loose/shale":8,"minecraft:stick":11,"minecraft:flint":7,"tfcorewashing:copper_powder":8,"tfc:wood/log/maple":2,"tfc:stone/knife/sedimentary":2,"tfc:seeds/oat":3,"tfc:dirt/silty_loam":9,"tfc:rock/gravel/shale":64,"tfc:torch":4,"tfc:rock/loose/slate":7,"tfc:plant/lady_fern":1,"tfc:ore/small_native_copper":4},"minecraft:picked_up":{"dttfc:maple_seed":4,"minecraft:clay_ball":165,"tfc:wood/planks/oak_workbench":1,"tfc:seeds/carrot":5,"tfc:straw":113,"tfc:rock/gravel/shale":160,"tfc:food/carrot":9,"tfc:plant/arrowhead":1,"tfc:dirt/sandy_loam":2,"tfc:plant/gooseberry_bush":1,"minecraft:gold_nugget":2,"tfc:dirt/silty_loam":137,"tfc:plant/lotus":12,"tfc:ceramic/large_vessel":1,"tfcorewashing:copper_powder":8,"tfc:plant/dandelion":13,"minecraft:stick":93,"tfc:wood/sluice/maple":1,"tfc:plant/ostrich_fern":2,"minecraft:torch":1,"tfc:food/wheat":14,"tfc:plant/water_lily":2,"untamedwilds:hide_bear_brown":1,"tfc:plant/houstonia":33,"tfc:food/oat":18,"tfc:seeds/jute":5,"tfc:plant/lady_fern":2,"tfc:wood/log/maple":28,"tfc:wood/twig/chestnut":5,"tfc:rock/loose/shale":3,"dttfc:chestnut_seed":3,"tfc:plant/coontail":1,"tfc:torch":4,"tfc:food/turtle":3,"tfc:plant/scutch_grass":2,"dttfc:oak_seed":9,"tfc:wood/leaves/oak":60,"tfc:stone/knife/sedimentary":1,"tfc:wood/support/chestnut":30,"tfc:seeds/wheat":6,"waterflasks:bladder":1,"minecraft:flint":10,"tfc:seeds/oat":14,"minecraft:bone":7,"tfc:wood/log/chestnut":92,"tfc:plant/marigold":3,"tfc:plant/bromegrass":1,"tfc:seeds/potato":5,"tfc:plant/tulip_orange":24,"tfc:jute":11,"tfc:ore/small_native_copper":4,"tfc:blubber":3,"exnihilosequentia:silkworm":6,"tfc:wood/barrel/chestnut":3,"tfc:wood/fallen_leaves/chestnut":7,"tfc:rock/loose/slate":1,"tfc:food/potato":8,"tfc:food/bear":11},"minecraft:custom":{"minecraft:mob_kills":3,"minecraft:interact_with_crafting_table":9,"minecraft:leave_game":1,"minecraft:time_since_death":217421,"minecraft:climb_one_cm":859,"minecraft:sprint_one_cm":119777,"minecraft:walk_one_cm":843797,"minecraft:drop":74,"minecraft:talked_to_villager":1,"minecraft:play_time":217421,"minecraft:sneak_time":18180,"minecraft:walk_under_water_one_cm":931,"minecraft:jump":1185,"minecraft:walk_on_water_one_cm":33898,"minecraft:total_world_time":217421,"minecraft:time_since_rest":217421,"minecraft:waystone_activated":3,"minecraft:damage_taken":167,"minecraft:damage_dealt":459,"minecraft:fly_one_cm":53186,"minecraft:open_chest":11,"minecraft:crouch_one_cm":63083,"minecraft:fall_one_cm":7936},"minecraft:killed":{"tfc:grizzly_bear":1,"untamedwilds:newt":1,"untamedwilds:tortoise":1}},"DataVersion":2975}