{"stats":{"minecraft:broken":{"tfc:stone/hoe/sedimentary":1,"tfc:stone/axe/sedimentary":11,"htm:flint_shears":2,"tfc:firestarter":3,"tfc:stone/hoe/metamorphic":1,"tfc:stone/knife/sedimentary":6,"tfc:stone/shovel/sedimentary":10,"tfc:stone/axe/metamorphic":4,"tfc:stone/hammer/sedimentary":1,"tfc:stone/javelin/sedimentary":1},"minecraft:killed":{"tfc:grizzly_bear":1,"untamedwilds:tortoise":1,"untamedwilds:newt":1},"minecraft:custom":{"minecraft:interact_with_crafting_table":59,"minecraft:leave_game":4,"minecraft:time_since_death":607487,"minecraft:sprint_one_cm":408101,"minecraft:drop":275,"minecraft:talked_to_villager":1,"minecraft:play_time":607487,"minecraft:jump":3335,"minecraft:walk_on_water_one_cm":66823,"minecraft:waystone_activated":3,"minecraft:damage_dealt":519,"minecraft:crouch_one_cm":132381,"minecraft:mob_kills":3,"minecraft:inspect_hopper":1,"minecraft:climb_one_cm":17958,"minecraft:walk_one_cm":1904616,"minecraft:sneak_time":43486,"minecraft:walk_under_water_one_cm":5627,"minecraft:total_world_time":607487,"minecraft:time_since_rest":607487,"minecraft:damage_taken":375,"minecraft:fly_one_cm":335117,"minecraft:open_chest":297,"minecraft:fall_one_cm":55268},"minecraft:used":{"tfc:food/carrot":14,"tfc:plant/trillium":2,"tfc:rock/gravel/slate":8,"tfc:wood/sluice/chestnut":5,"tfc:quern":1,"minecraft:ladder":62,"tfc:plant/dandelion":15,"tfc:stone/axe/sedimentary":51,"woodenhopper:wooden_hopper":3,"tfc:stone/knife/sedimentary":305,"tfc:stone/hoe/sedimentary":72,"exnihilosequentia:birch_sieve":1,"firmalife:beehive":2,"tfc:wood/log/maple":4,"create:millstone":1,"farmersdelight:cutting_board":1,"tfc:rock/loose/shale":3,"tfc:wood/planks/oak_workbench":1,"tfc:seeds/wheat":8,"tfc:wood/log/chestnut":3,"tfc:pan/filled":146,"tfc:plant/tulip_orange":24,"tfc:seeds/jute":16,"create_hc:gear_small":3,"tfc:dirt/sandy_loam":2,"tfc:wood/chest/chestnut":12,"tfc:stone/axe/metamorphic":15,"tfc:rock/gravel/shale":99,"waystones:waystone":1,"tfc:wood/planks/maple_loom":2,"tfc:wood/barrel/chestnut":16,"minecraft:melon_slice":8,"tfc:pan/empty":292,"tfc:torch":83,"tfc:firestarter":71,"exnihilosequentia:silkworm":40,"minecraft:air":17,"tfc:wood/planks/chestnut_slab":2,"tfc:wood/planks/chestnut_tool_rack":2,"tfc:wood/leaves/oak":191,"tfc:rock/cobble/shale":1,"minecraft:stick":9,"minecraft:torch":1,"tfc:stone/shovel/sedimentary":500,"tfc:food/wheat_grain":14,"adchimneys:stone_vent":5,"tfc:seeds/carrot":10,"tfc:plant/gooseberry_bush":1,"exnihilosequentia:wooden_crook":210,"tfc:food/vegetables_soup":4,"tfc:food/cooked_bear":11,"dttfc:maple_seed":3,"tfc:stone/hoe/metamorphic":1,"dttfc:chestnut_seed":10,"tfc:seeds/potato":15,"tfc:seeds/green_bean":5,"minecraft:baked_potato":2,"tfc:food/green_bean":8,"tfc:food/cooked_turtle":3,"tfc:stone/shovel/metamorphic":277,"tfc:wood/planks/maple_trapdoor":12,"tfc:wood/support/chestnut":17,"tfc:rock/cobble/slate":7,"htm:flint_shears":194,"tfc:plant/houstonia":33,"tfc:dirt/silty_loam":195,"tfc:metal/pickaxe/copper":314,"precisionprospecting:metal/prospector_hammer/copper":84,"create:windmill_bearing":1,"tfc:ceramic/large_vessel":3,"dttfc:oak_seed":1,"tfc:food/potato":10,"tfc:stone/javelin/sedimentary":1945,"tfc:wood/sluice/maple":1,"tfc:seeds/oat":8},"minecraft:mined":{"tfc:plant/gooseberry_bush":1,"tfc:plant/houstonia":46,"tfc:plant/coontail":14,"tfc:wild_crop/carrot":5,"tfc:ore/poor_sphalerite/slate":2,"tfc:grass/silty_loam":214,"tfc:wall_torch":8,"tfc:rock/raw/slate":104,"dttfc:oak_leaves":194,"tfc:plant/pickerelweed":20,"tfc:groundcover/stick":2,"tfc:wild_crop/potato":9,"tfc:ore/rich_tetrahedrite/slate":13,"minecraft:fire":9,"tfc:wood/chest/chestnut":3,"tfc:plant/cattail":1,"tfc:plant/trillium":8,"tfc:plant/switchgrass":692,"tfc:wood/leaves/oak":159,"tfc:plant/marigold":29,"tfc:ore/normal_sphalerite/slate":9,"tfc:clay_grass/silty_loam":31,"tfc:crop/carrot":5,"tfc:wood/sluice/maple":1,"create:cogwheel":3,"tfc:ore/poor_tetrahedrite/slate":7,"tfc:wild_crop/jute":10,"tfc:plant/maiden_pink":15,"tfc:plant/lady_fern":36,"tfc:dead_torch":1,"minecraft:torch":1,"tfc:wood/log/maple":3,"tfc:plant/scutch_grass":693,"tfc:rock/raw/shale":52,"tfc:plant/dandelion":23,"tfc:plant/arrowhead":52,"tfc:plant/sword_fern":27,"tfc:clay/silty_loam":56,"tfc:rock/cobble/slate":2,"tfc:plant/dry_phragmite_plant":2,"tfc:ceramic/large_vessel":1,"tfc:grass_path/sandy_loam":2,"tfc:rock/gravel/slate":12,"tfc:rock/hardened/slate":1,"tfc:plant/ostrich_fern":10,"exnihilosequentia:infested_leaves":52,"tfc:plant/lotus":83,"tfc:wood/sluice/chestnut":1,"tfc:rock/loose/shale":10,"create:millstone":1,"tfc:wood/vertical_support/chestnut":1,"tfc:plant/tall_fescue_grass":615,"tfc:wood/planks/oak_workbench":1,"tfc:dirt/silty_loam":56,"minecraft:ladder":1,"tfc:wood/planks/maple_loom":1,"tfc:rock/cobble/shale":10,"tfc:wild_crop/green_bean":5,"tfc:charcoal_pile":24,"tfc:plant/bromegrass":449,"create:shaft":3,"tfc:plant/tulip_orange":29,"tfc:ore/rich_sphalerite/slate":1,"create:white_sail":4,"tfc:plant/timothy_grass":393,"create:windmill_bearing":1,"tfc:rock/gravel/shale":146,"tfc:wood/barrel/chestnut":13,"tfc:plant/water_lily":78,"tfc:ore/normal_tetrahedrite/slate":25,"dttfc:chestnut_undergrowth_leaves":11,"tfc:ore/lignite/shale":26,"tfc:ore/kaolinite/shale":32,"tfc:crop/jute":5,"tfc:plant/field_horsetail":26,"tfc:crop/wheat":2,"tfc:wild_crop/wheat":6,"tfc:wild_crop/oat":10,"tfc:plant/ryegrass":1,"tfc:plant/athyrium_fern":1,"dttfc:maple_undergrowth_leaves":3,"tfc:torch":8,"tfc:wood/fallen_leaves/maple":1,"tfc:wood/fallen_leaves/chestnut":6,"tfc:plant/morning_glory":4,"tfc:crop/potato":6,"tfc:plant/moss":24,"create:turntable":1,"tfc:plant/sago":5,"tfc:wood/twig/chestnut":6,"tfc:melon":2},"minecraft:picked_up":{"dttfc:maple_seed":14,"tfc:seeds/pumpkin":1,"tfc:food/vegetables_soup":2,"tfc:seeds/carrot":11,"tfc:ceramic/pickaxe_head_mold":1,"tfc:rock/cobble/andesite":5,"tfc:ore/rich_tetrahedrite":13,"minecraft:string":80,"tfcorewashing:pile_black_sand":47,"tfc:rock/gravel/shale":193,"minecraft:gold_nugget":2,"tfc:ore/lignite":25,"tfc:ceramic/large_vessel":1,"tfcorewashing:dirty_pile_tetrahedrite":46,"minecraft:stick":363,"minecraft:torch":1,"tfc:food/wheat":18,"tfcorewashing:dirty_pile_sphalerite":15,"minecraft:pointed_dripstone":1,"tfc:plant/houstonia":33,"tfc:plant/trillium":2,"tfc:powder/kaolinite":24,"tfc:plant/lady_fern":2,"tfc:wood/log/maple":59,"dttfc:chestnut_seed":49,"tfc:wood/support/maple":30,"tfc:wood/stripped_log/chestnut":44,"tfc:ore/rich_sphalerite":1,"farmersdelight:tree_bark":44,"tfc:wood/chest/chestnut":4,"tfc:plant/coontail":1,"tfc:ore/kaolinite":32,"tfc:torch":24,"tfc:seeds/green_bean":5,"tfc:wood/leaves/oak":191,"tfc:plant/scutch_grass":2,"tfc:rock/cobble/shale":10,"waterstrainer:worm":3,"tfc:wood/support/chestnut":205,"tfcorewashing:chunks_sphalerite":6,"tfc:rock/cobble/slate":2,"tfc:seeds/wheat":9,"waterflasks:bladder":1,"minecraft:flint":14,"tfc:stick_bunch":15,"tfc:seeds/oat":14,"minecraft:bone":16,"tfc:wood/log/chestnut":308,"tfc:plant/marigold":3,"tfcorewashing:chunks_tetrahedrite":185,"tfc:seeds/potato":15,"create:shaft":3,"tfc:ore/poor_sphalerite":2,"tfc:plant/tulip_orange":24,"tfc:wood/planks/maple_loom":1,"tfc:wood/sluice/chestnut":2,"tfc:seeds/melon":1,"tfc:jute":29,"create:cogwheel":3,"tfc:ceramic/vessel":4,"tfc:ore/poor_tetrahedrite":7,"exnihilosequentia:silkworm":73,"tfc:wood/barrel/chestnut":13,"tfc:rock/loose/slate":322,"tfc:food/bear":11,"create:white_sail":4,"minecraft:charcoal":24,"minecraft:ladder":2,"minecraft:clay_ball":165,"tfc:wood/planks/oak_workbench":1,"tfc:rock/raw/shale":9,"create_hc:gear_small":9,"tfc:rock/loose/andesite":153,"tfc:straw":127,"tfc:rock/gravel/slate":11,"tfc:food/carrot":17,"tfc:plant/arrowhead":1,"tfc:dirt/sandy_loam":2,"tfc:plant/gooseberry_bush":1,"tfc:dirt/silty_loam":284,"tfc:plant/lotus":12,"tfcorewashing:copper_powder":8,"tfc:plant/dandelion":15,"tfc:wood/sluice/maple":1,"tfc:plant/ostrich_fern":2,"tfc:plant/water_lily":2,"create:windmill_bearing":1,"untamedwilds:hide_bear_brown":1,"tfc:ore/normal_sphalerite":9,"tfc:melon":2,"tfc:food/oat":18,"tfc:seeds/jute":16,"tfc:food/green_bean":11,"tfc:rock/loose/shale":135,"tfc:wood/twig/chestnut":5,"tfc:ore/normal_tetrahedrite":25,"tfc:food/turtle":3,"dttfc:oak_seed":21,"tfc:stone/knife/sedimentary":1,"tfc:plant/bromegrass":1,"tfc:ore/small_native_copper":4,"tfcorewashing:rocky_chunks_sphalerite":4,"tfc:blubber":3,"create:turntable":1,"tfc:wood/fallen_leaves/chestnut":7,"create:millstone":1,"tfc:plant/moss":2,"tfc:food/potato":22,"tfc:ceramic/ingot_mold":10,"tfc:rock/loose/dolomite":38,"tfc:ceramic/chisel_head_mold":1},"minecraft:dropped":{"tfc:wood/log/chestnut":4,"tfc:stick_bunch":15,"tfc:rock/loose/shale":26,"minecraft:flint":7,"tfc:ceramic/chisel_head_mold":1,"tfcorewashing:dirty_dust_tetrahedrite":138,"tfcorewashing:dirty_pile_sphalerite":15,"tfcorewashing:dirty_dust_sphalerite":62,"tfc:wood/log/maple":2,"tfc:stone/knife/sedimentary":2,"tfcorewashing:pile_black_sand":5,"tfcorewashing:rocky_chunks_tetrahedrite":185,"tfcorewashing:rocky_chunks_sphalerite":62,"tfc:rock/loose/andesite":1,"tfc:rock/loose/slate":84,"dttfc:chestnut_seed":3,"tfc:food/vegetables_soup":2,"tfc:straw":9,"tfc:wood/twig/chestnut":4,"tfc:rock/cobble/andesite":5,"minecraft:stick":20,"tfcorewashing:copper_powder":8,"tfc:ore/lignite":3,"tfc:firestarter":1,"tfcorewashing:chunks_sphalerite":6,"tfc:rock/loose/dolomite":5,"tfc:seeds/oat":3,"tfc:dirt/silty_loam":21,"tfc:ceramic/ingot_mold":8,"tfc:ceramic/pickaxe_head_mold":1,"tfc:rock/gravel/shale":65,"tfc:torch":9,"tfc:plant/lady_fern":1,"tfc:ceramic/vessel":4,"tfc:ore/small_native_copper":4},"minecraft:crafted":{"htm:flint_shears":2,"tfc:stone/axe/sedimentary":11,"exnihilosequentia:birch_sieve":1,"tfcorewashing:dirty_dust_sphalerite":5,"tfc:metal/chisel/copper":1,"tfcorewashing:dirty_dust_tetrahedrite":17,"minecraft:melon_slice":8,"tfcorewashing:pellet_copper":15,"htm:plant_string":5,"adchimneys:stone_vent":16,"tfc:stone/hoe/sedimentary":2,"tfc:rock/smooth/shale":2,"tfc:handstone":2,"tfc:thatch":2,"htm:flint_sharped":4,"tfc:wood/chest/chestnut":11,"tfc:wood/planks/maple_loom":1,"firmalife:beehive_frame":11,"woodenhopper:wooden_hopper":3,"tfc:rock/cobble/andesite":28,"tfc:quern":1,"tfcorewashing:rocky_chunks_sphalerite":58,"tfc:wood/planks/maple_slab":6,"tfc:metal/chisel_head/copper":1,"farmersdelight:cutting_board":1,"minecraft:stick":143,"tfc:stone/shovel/metamorphic":1,"tfc:rock/cobble/shale":4,"tfc:wood/sluice/chestnut":3,"precisionprospecting:metal/prospector_hammer_head/copper":1,"precisionprospecting:metal/prospector_hammer/copper":1,"tfc:wooden_bucket":1,"tfc:stone/javelin/sedimentary":2,"tfcorewashing:rocky_chunks_tetrahedrite":185,"tfc:wood/barrel/chestnut":4,"firmalife:beehive":2,"tfc:food/oat_grain":18,"htm:flint_scrap":6,"tfc:wood/planks/maple":3,"waterstrainer:string_mesh":15,"minecraft:ladder":66,"adchimneys:stone_chimney":16,"tfc:wood/planks/chestnut_tool_rack":2,"tfc:wood/planks/chestnut_slab":6,"exnihilosequentia:wooden_crook":1,"tfc:stone/shovel/sedimentary":10,"create:andesite_alloy":10,"tfc:rock/cobble/slate":35,"tfc:stone/hammer/sedimentary":3,"tfc:stone/knife/sedimentary":7,"tfc:wood/planks/chestnut":7,"tfc:wood/planks/maple_trapdoor":12,"tfc:wood/lumber/maple":60,"tfcorewashing:pellet_sphalerite":3,"tfc:firestarter":5,"tfc:metal/saw_blade/copper":1,"tfc:food/wheat_grain":18,"tfc:metal/pickaxe_head/copper":1,"tfc:metal/pickaxe/copper":1,"tfc:powder/flux":6,"tfc:stone/axe/metamorphic":4,"tfc:stick_bunch":19,"tfc:wood/lumber/chestnut":248,"exnihilosequentia:string_mesh":1,"tfc:metal/saw/copper":1}},"DataVersion":2975}