{"stats":{"minecraft:broken":{"tfc:stone/hoe/metamorphic":1,"tfc:stone/knife/sedimentary":5,"tfc:stone/hoe/sedimentary":1,"tfc:stone/shovel/sedimentary":10,"tfc:stone/axe/sedimentary":8,"htm:flint_shears":2,"tfc:firestarter":2},"minecraft:used":{"tfc:wood/planks/chestnut_slab":1,"tfc:food/carrot":10,"tfc:wood/sluice/chestnut":5,"tfc:rock/gravel/slate":8,"tfc:plant/trillium":2,"tfc:wood/planks/chestnut_tool_rack":2,"tfc:wood/leaves/oak":191,"tfc:quern":1,"minecraft:ladder":36,"tfc:plant/dandelion":14,"tfc:stone/axe/sedimentary":46,"woodenhopper:wooden_hopper":3,"tfc:stone/knife/sedimentary":290,"minecraft:stick":9,"minecraft:torch":1,"tfc:stone/hoe/sedimentary":72,"tfc:stone/shovel/sedimentary":500,"adchimneys:stone_vent":5,"tfc:seeds/carrot":6,"firmalife:beehive":1,"tfc:plant/gooseberry_bush":1,"tfc:wood/log/maple":3,"farmersdelight:cutting_board":1,"tfc:food/vegetables_soup":4,"exnihilosequentia:wooden_crook":167,"tfc:food/cooked_bear":11,"tfc:rock/loose/shale":3,"dttfc:maple_seed":3,"tfc:wood/planks/oak_workbench":1,"tfc:seeds/wheat":8,"tfc:stone/hoe/metamorphic":1,"dttfc:chestnut_seed":3,"tfc:seeds/potato":11,"tfc:wood/log/chestnut":1,"tfc:seeds/green_bean":5,"tfc:pan/filled":146,"tfc:plant/tulip_orange":24,"minecraft:baked_potato":2,"tfc:seeds/jute":10,"tfc:food/cooked_turtle":3,"tfc:food/green_bean":8,"tfc:wood/support/chestnut":4,"tfc:rock/cobble/slate":6,"htm:flint_shears":194,"tfc:plant/houstonia":33,"tfc:dirt/sandy_loam":2,"tfc:dirt/silty_loam":192,"tfc:wood/chest/chestnut":12,"tfc:rock/gravel/shale":99,"waystones:waystone":1,"tfc:metal/pickaxe/copper":131,"precisionprospecting:metal/prospector_hammer/copper":37,"tfc:ceramic/large_vessel":3,"dttfc:oak_seed":1,"tfc:food/potato":10,"tfc:wood/barrel/chestnut":11,"minecraft:melon_slice":8,"tfc:stone/javelin/sedimentary":1651,"tfc:pan/empty":292,"tfc:wood/sluice/maple":1,"tfc:torch":42,"tfc:seeds/oat":8,"tfc:firestarter":56,"exnihilosequentia:silkworm":13,"minecraft:air":13},"minecraft:crafted":{"tfcorewashing:rocky_chunks_tetrahedrite":185,"htm:flint_shears":2,"tfc:stone/axe/sedimentary":9,"tfc:wood/barrel/chestnut":4,"firmalife:beehive":1,"tfcorewashing:dirty_dust_tetrahedrite":14,"tfc:metal/chisel/copper":1,"minecraft:melon_slice":8,"tfcorewashing:pellet_copper":15,"htm:plant_string":5,"tfc:food/oat_grain":18,"adchimneys:stone_vent":8,"tfc:stone/hoe/sedimentary":2,"tfc:rock/smooth/shale":2,"htm:flint_scrap":6,"waterstrainer:string_mesh":3,"minecraft:ladder":51,"tfc:thatch":1,"tfc:handstone":1,"adchimneys:stone_chimney":8,"tfc:wood/planks/chestnut_slab":6,"htm:flint_sharped":4,"tfc:wood/planks/chestnut_tool_rack":2,"tfc:wood/chest/chestnut":11,"exnihilosequentia:wooden_crook":1,"tfc:stone/shovel/sedimentary":10,"firmalife:beehive_frame":3,"woodenhopper:wooden_hopper":3,"tfc:rock/cobble/andesite":28,"tfc:rock/cobble/slate":27,"tfc:quern":1,"tfc:stone/hammer/sedimentary":3,"tfc:stone/knife/sedimentary":7,"tfc:wood/planks/chestnut":3,"tfc:metal/chisel_head/copper":1,"farmersdelight:cutting_board":1,"minecraft:stick":80,"tfc:firestarter":4,"tfc:wood/sluice/chestnut":3,"precisionprospecting:metal/prospector_hammer_head/copper":1,"precisionprospecting:metal/prospector_hammer/copper":1,"tfc:metal/saw_blade/copper":1,"tfc:wooden_bucket":1,"tfc:food/wheat_grain":18,"tfc:stone/javelin/sedimentary":2,"tfc:metal/pickaxe/copper":1,"tfc:metal/pickaxe_head/copper":1,"tfc:stick_bunch":19,"tfc:wood/lumber/chestnut":188,"tfc:metal/saw/copper":1},"minecraft:mined":{"tfc:plant/lotus":83,"tfc:wood/sluice/chestnut":1,"tfc:plant/gooseberry_bush":1,"tfc:rock/loose/shale":2,"tfc:plant/houstonia":42,"tfc:wood/vertical_support/chestnut":1,"tfc:plant/coontail":14,"tfc:wild_crop/carrot":5,"tfc:plant/tall_fescue_grass":371,"tfc:wood/planks/oak_workbench":1,"tfc:grass/silty_loam":209,"tfc:dirt/silty_loam":46,"minecraft:ladder":1,"tfc:wall_torch":1,"tfc:charcoal_pile":24,"tfc:rock/raw/slate":73,"tfc:rock/cobble/shale":10,"tfc:wild_crop/green_bean":5,"tfc:plant/bromegrass":292,"dttfc:oak_leaves":194,"tfc:plant/pickerelweed":20,"tfc:groundcover/stick":2,"tfc:wild_crop/potato":9,"tfc:plant/tulip_orange":29,"tfc:ore/rich_tetrahedrite/slate":12,"minecraft:fire":9,"tfc:wood/chest/chestnut":3,"tfc:plant/timothy_grass":207,"tfc:plant/cattail":1,"tfc:rock/gravel/shale":122,"tfc:wood/barrel/chestnut":8,"tfc:plant/trillium":8,"tfc:plant/switchgrass":542,"tfc:plant/water_lily":78,"tfc:wood/leaves/oak":159,"tfc:plant/marigold":29,"tfc:ore/normal_tetrahedrite/slate":16,"dttfc:chestnut_undergrowth_leaves":10,"tfc:clay_grass/silty_loam":31,"tfc:crop/carrot":1,"tfc:wood/sluice/maple":1,"tfc:ore/poor_tetrahedrite/slate":7,"tfc:wild_crop/jute":10,"tfc:plant/field_horsetail":18,"tfc:plant/maiden_pink":4,"tfc:crop/wheat":2,"tfc:plant/lady_fern":23,"tfc:dead_torch":1,"minecraft:torch":1,"tfc:wild_crop/wheat":6,"tfc:wood/log/maple":3,"tfc:wild_crop/oat":10,"tfc:plant/ryegrass":1,"tfc:plant/scutch_grass":416,"tfc:rock/raw/shale":9,"tfc:plant/dandelion":18,"tfc:plant/arrowhead":52,"tfc:plant/sword_fern":17,"tfc:plant/athyrium_fern":1,"dttfc:maple_undergrowth_leaves":3,"tfc:torch":5,"tfc:wood/fallen_leaves/chestnut":5,"tfc:clay/silty_loam":56,"tfc:plant/morning_glory":4,"tfc:crop/potato":2,"tfc:rock/cobble/slate":1,"tfc:plant/moss":22,"tfc:plant/dry_phragmite_plant":2,"tfc:ceramic/large_vessel":1,"tfc:plant/sago":5,"tfc:wood/twig/chestnut":4,"tfc:melon":2,"tfc:grass_path/sandy_loam":2,"tfc:rock/gravel/slate":12,"tfc:rock/hardened/slate":1,"exnihilosequentia:infested_leaves":9,"tfc:plant/ostrich_fern":10},"minecraft:dropped":{"dttfc:chestnut_seed":3,"tfc:wood/log/chestnut":4,"tfc:straw":7,"tfc:stick_bunch":15,"tfc:wood/twig/chestnut":4,"tfc:rock/loose/shale":26,"minecraft:stick":20,"minecraft:flint":7,"tfc:ceramic/chisel_head_mold":1,"tfcorewashing:dirty_dust_tetrahedrite":135,"tfcorewashing:copper_powder":8,"tfc:firestarter":1,"tfc:wood/log/maple":2,"tfc:stone/knife/sedimentary":2,"tfc:seeds/oat":3,"tfcorewashing:rocky_chunks_tetrahedrite":185,"tfc:dirt/silty_loam":21,"tfc:ceramic/pickaxe_head_mold":1,"tfc:rock/gravel/shale":65,"tfc:torch":5,"tfc:rock/loose/slate":7,"tfc:plant/lady_fern":1,"tfc:ceramic/vessel":3,"tfc:ore/small_native_copper":4},"minecraft:picked_up":{"minecraft:charcoal":24,"dttfc:maple_seed":7,"minecraft:ladder":2,"minecraft:clay_ball":165,"tfc:wood/planks/oak_workbench":1,"tfc:rock/raw/shale":6,"create_hc:gear_small":3,"tfc:seeds/carrot":6,"tfc:ceramic/pickaxe_head_mold":1,"tfc:ore/rich_tetrahedrite":12,"minecraft:string":14,"tfcorewashing:pile_black_sand":42,"tfc:rock/loose/andesite":152,"tfc:straw":125,"tfc:rock/gravel/slate":11,"tfc:rock/gravel/shale":171,"tfc:food/carrot":10,"tfc:plant/arrowhead":1,"tfc:dirt/sandy_loam":2,"tfc:plant/gooseberry_bush":1,"minecraft:gold_nugget":2,"tfc:dirt/silty_loam":269,"tfc:plant/lotus":12,"tfc:ceramic/large_vessel":1,"tfcorewashing:dirty_pile_tetrahedrite":46,"tfcorewashing:copper_powder":8,"tfc:plant/dandelion":14,"minecraft:stick":334,"tfc:wood/sluice/maple":1,"tfc:plant/ostrich_fern":2,"minecraft:torch":1,"tfc:food/wheat":18,"tfc:plant/water_lily":2,"untamedwilds:hide_bear_brown":1,"tfc:melon":2,"tfc:plant/houstonia":33,"tfc:food/oat":18,"tfc:plant/trillium":2,"tfc:seeds/jute":10,"tfc:food/green_bean":11,"tfc:plant/lady_fern":2,"tfc:wood/log/maple":45,"tfc:wood/twig/chestnut":5,"tfc:rock/loose/shale":23,"dttfc:chestnut_seed":42,"tfc:wood/stripped_log/chestnut":36,"tfc:wood/chest/chestnut":4,"farmersdelight:tree_bark":36,"tfc:ore/normal_tetrahedrite":16,"tfc:plant/coontail":1,"tfc:torch":13,"tfc:seeds/green_bean":5,"tfc:food/turtle":3,"tfc:plant/scutch_grass":2,"dttfc:oak_seed":21,"tfc:wood/leaves/oak":191,"tfc:rock/cobble/shale":10,"tfc:stone/knife/sedimentary":1,"tfc:wood/support/chestnut":105,"tfc:rock/cobble/slate":1,"tfc:seeds/wheat":8,"waterflasks:bladder":1,"minecraft:flint":12,"tfc:stick_bunch":15,"tfc:seeds/oat":14,"minecraft:bone":7,"tfc:wood/log/chestnut":251,"tfc:plant/marigold":3,"tfcorewashing:chunks_tetrahedrite":185,"tfc:plant/bromegrass":1,"tfc:seeds/potato":11,"tfc:plant/tulip_orange":24,"tfc:wood/sluice/chestnut":2,"tfc:jute":21,"tfc:ore/small_native_copper":4,"tfc:ceramic/vessel":3,"tfc:blubber":3,"tfc:ore/poor_tetrahedrite":7,"exnihilosequentia:silkworm":30,"tfc:wood/barrel/chestnut":8,"tfc:wood/fallen_leaves/chestnut":7,"tfc:plant/moss":1,"tfc:rock/loose/slate":181,"tfc:food/potato":15,"tfc:food/bear":11,"tfc:rock/loose/dolomite":33,"tfc:ceramic/chisel_head_mold":1},"minecraft:custom":{"minecraft:mob_kills":3,"minecraft:interact_with_crafting_table":34,"minecraft:leave_game":2,"minecraft:time_since_death":452369,"minecraft:climb_one_cm":10218,"minecraft:sprint_one_cm":287170,"minecraft:walk_one_cm":1528157,"minecraft:drop":165,"minecraft:talked_to_villager":1,"minecraft:play_time":452369,"minecraft:sneak_time":34531,"minecraft:walk_under_water_one_cm":3532,"minecraft:jump":2543,"minecraft:walk_on_water_one_cm":61061,"minecraft:total_world_time":452369,"minecraft:time_since_rest":452369,"minecraft:waystone_activated":3,"minecraft:damage_taken":254,"minecraft:damage_dealt":519,"minecraft:fly_one_cm":209860,"minecraft:open_chest":128,"minecraft:crouch_one_cm":109843,"minecraft:fall_one_cm":35365},"minecraft:killed":{"tfc:grizzly_bear":1,"untamedwilds:newt":1,"untamedwilds:tortoise":1}},"DataVersion":2975}