{"stats":{"minecraft:broken":{"tfc:stone/hoe/sedimentary":1,"tfc:stone/axe/sedimentary":11,"htm:flint_shears":2,"tfc:firestarter":3,"tfc:stone/hoe/metamorphic":1,"tfc:stone/knife/sedimentary":7,"tfc:stone/shovel/sedimentary":10,"tfc:stone/axe/metamorphic":4,"tfc:stone/hammer/sedimentary":1,"tfc:stone/javelin/sedimentary":1},"minecraft:killed":{"tfc:grizzly_bear":1,"untamedwilds:tortoise":1,"untamedwilds:newt":1},"minecraft:custom":{"minecraft:interact_with_crafting_table":67,"minecraft:leave_game":4,"minecraft:time_since_death":691487,"minecraft:sprint_one_cm":530807,"minecraft:drop":335,"minecraft:talked_to_villager":2,"minecraft:play_time":691487,"minecraft:jump":4327,"minecraft:walk_on_water_one_cm":73521,"minecraft:waystone_activated":3,"minecraft:damage_dealt":519,"minecraft:crouch_one_cm":148432,"minecraft:mob_kills":3,"minecraft:inspect_hopper":1,"minecraft:climb_one_cm":19421,"minecraft:walk_one_cm":2119957,"minecraft:sneak_time":47786,"minecraft:walk_under_water_one_cm":7236,"minecraft:total_world_time":691487,"minecraft:time_since_rest":691487,"minecraft:damage_taken":542,"minecraft:swim_one_cm":13753,"minecraft:fly_one_cm":472991,"minecraft:open_chest":391,"minecraft:fall_one_cm":75051},"minecraft:used":{"tfc:food/carrot":18,"tfc:plant/trillium":2,"tfc:rock/gravel/slate":8,"tfc:wood/sluice/chestnut":5,"tfc:quern":1,"minecraft:ladder":62,"tfc:plant/dandelion":15,"tfc:stone/axe/sedimentary":62,"woodenhopper:wooden_hopper":5,"tfc:stone/knife/sedimentary":370,"tfc:stone/hoe/sedimentary":72,"create:white_sail":10,"create:cogwheel":3,"exnihilosequentia:birch_sieve":1,"firmalife:beehive":2,"tfc:wood/log/maple":4,"create:millstone":1,"farmersdelight:cutting_board":1,"create:shaft":4,"tfc:rock/loose/shale":3,"tfc:wood/planks/oak_workbench":1,"tfc:seeds/wheat":14,"tfc:wood/log/chestnut":4,"tfc:pan/filled":146,"tfc:plant/tulip_orange":24,"create_hc:gear_large":2,"tfc:seeds/jute":21,"create_hc:gear_small":3,"tfc:dirt/sandy_loam":3,"tfc:wood/chest/chestnut":14,"tfc:stone/axe/metamorphic":15,"tfc:rock/gravel/shale":99,"waystones:waystone":1,"minecraft:lever":1,"tfc:wood/planks/maple_loom":2,"tfc:wood/barrel/chestnut":20,"minecraft:melon_slice":8,"tfc:pan/empty":292,"tfc:torch":88,"tfc:firestarter":74,"exnihilosequentia:silkworm":81,"create:vertical_gearbox":1,"minecraft:air":17,"create:large_cogwheel":5,"tfc:wood/planks/chestnut_slab":2,"tfc:wood/planks/chestnut_tool_rack":2,"tfc:wood/leaves/oak":191,"firmalife:food/cocoa_beans":1,"tfc:rock/cobble/shale":1,"minecraft:stick":9,"minecraft:torch":1,"tfc:seeds/beet":1,"tfc:stone/shovel/sedimentary":500,"tfc:food/wheat_grain":14,"adchimneys:stone_vent":23,"tfc:seeds/carrot":12,"tfc:plant/gooseberry_bush":1,"exnihilosequentia:wooden_crook":250,"tfc:food/vegetables_soup":4,"tfc:food/cooked_bear":11,"dttfc:maple_seed":3,"exnihilosequentia:infesting_leaves":1,"tfc:stone/hoe/metamorphic":1,"dttfc:chestnut_seed":10,"tfc:seeds/potato":18,"tfc:seeds/green_bean":5,"tfc:sand/black":1,"minecraft:baked_potato":2,"tfc:food/cattail_root":4,"tfc:food/green_bean":8,"tfc:food/cooked_turtle":3,"tfc:stone/shovel/metamorphic":326,"tfc:wood/planks/maple_trapdoor":12,"tfc:wood/support/chestnut":21,"tfc:rock/cobble/slate":7,"htm:flint_shears":194,"tfc:plant/houstonia":33,"tfc:dirt/silty_loam":196,"tfc:metal/pickaxe/copper":348,"precisionprospecting:metal/prospector_hammer/copper":84,"create:windmill_bearing":3,"tfc:ceramic/large_vessel":3,"dttfc:oak_seed":1,"tfc:food/potato":19,"tfc:stone/javelin/sedimentary":1945,"tfc:wood/sluice/maple":1,"tfc:seeds/oat":15},"minecraft:mined":{"tfc:plant/gooseberry_bush":1,"tfc:plant/houstonia":46,"tfc:plant/coontail":14,"tfc:wild_crop/carrot":5,"tfc:ore/poor_sphalerite/slate":2,"tfc:grass/silty_loam":215,"tfc:wall_torch":8,"tfc:plant/milfoil":2,"tfc:rock/raw/slate":104,"dttfc:oak_leaves":194,"tfc:plant/pickerelweed":20,"tfc:groundcover/stick":2,"tfc:wild_crop/potato":9,"tfc:ore/rich_tetrahedrite/slate":13,"minecraft:fire":9,"tfc:wood/chest/chestnut":3,"tfc:plant/cattail":28,"tfc:plant/trillium":8,"tfc:plant/switchgrass":711,"tfc:wood/leaves/oak":159,"tfc:plant/marigold":29,"tfc:ore/normal_sphalerite/slate":9,"tfc:clay_grass/silty_loam":31,"tfc:crop/carrot":6,"tfc:wood/sluice/maple":1,"create:cogwheel":3,"tfc:ore/poor_tetrahedrite/slate":7,"tfc:crop/oat":7,"tfc:wild_crop/jute":27,"tfc:plant/maiden_pink":15,"tfc:plant/lady_fern":36,"tfc:dead_torch":1,"minecraft:torch":1,"tfc:wood/log/maple":3,"tfc:plant/scutch_grass":698,"tfc:rock/raw/shale":56,"tfc:plant/dandelion":24,"tfc:plant/arrowhead":52,"tfc:plant/sword_fern":28,"tfc:clay/silty_loam":56,"tfc:rock/cobble/slate":2,"adchimneys:stone_vent":12,"tfc:plant/dry_phragmite_plant":2,"tfc:ceramic/large_vessel":1,"tfc:grass_path/sandy_loam":3,"tfc:rock/gravel/slate":12,"tfc:rock/hardened/slate":1,"tfc:plant/ostrich_fern":10,"exnihilosequentia:infested_leaves":91,"tfc:plant/lotus":84,"tfc:wood/sluice/chestnut":1,"tfc:rock/loose/shale":10,"create:millstone":1,"tfc:wood/vertical_support/chestnut":1,"tfc:plant/tall_fescue_grass":624,"tfc:wood/planks/oak_workbench":1,"tfc:dirt/silty_loam":56,"minecraft:ladder":1,"create:large_cogwheel":3,"tfc:wood/planks/maple_loom":1,"tfc:rock/cobble/shale":10,"tfc:wild_crop/green_bean":5,"tfc:charcoal_pile":24,"tfc:plant/bromegrass":454,"create:shaft":9,"tfc:plant/tulip_orange":29,"tfc:ore/rich_sphalerite/slate":1,"create:white_sail":10,"tfc:plant/timothy_grass":407,"create:windmill_bearing":3,"tfc:rock/gravel/shale":146,"tfc:wood/barrel/chestnut":17,"tfc:plant/water_lily":78,"tfc:ore/normal_tetrahedrite/slate":25,"dttfc:chestnut_undergrowth_leaves":11,"tfc:ore/lignite/shale":32,"tfc:ore/kaolinite/shale":32,"tfc:crop/jute":10,"tfc:plant/field_horsetail":27,"tfc:crop/wheat":8,"tfc:sand/black":1,"tfc:wild_crop/wheat":6,"tfc:wild_crop/oat":10,"tfc:plant/ryegrass":1,"exnihilosequentia:infesting_leaves":1,"tfc:plant/athyrium_fern":1,"dttfc:maple_undergrowth_leaves":3,"tfc:wild_crop/onion":4,"tfc:torch":9,"tfc:wood/fallen_leaves/maple":1,"tfc:wood/fallen_leaves/chestnut":6,"tfc:plant/morning_glory":4,"tfc:crop/beet":1,"tfc:crop/potato":9,"create:gearbox":1,"tfc:plant/moss":28,"create:turntable":1,"tfc:plant/sago":5,"tfc:wood/twig/chestnut":6,"tfc:melon":2,"tfc:plant/olive_branch":1},"minecraft:picked_up":{"tfc:sand/black":1,"dttfc:maple_seed":14,"tfc:seeds/pumpkin":1,"tfc:food/vegetables_soup":2,"tfc:seeds/carrot":13,"tfc:ceramic/pickaxe_head_mold":1,"tfc:rock/cobble/andesite":5,"tfc:ore/rich_tetrahedrite":13,"adchimneys:stone_vent":7,"minecraft:string":135,"tfcorewashing:pile_black_sand":125,"tfc:rock/gravel/shale":193,"minecraft:gold_nugget":2,"tfc:ore/lignite":35,"tfc:ceramic/large_vessel":1,"tfcorewashing:dirty_pile_tetrahedrite":62,"minecraft:stick":363,"minecraft:torch":1,"tfc:food/wheat":29,"tfcorewashing:dirty_pile_sphalerite":15,"minecraft:pointed_dripstone":1,"tfc:plant/houstonia":33,"tfc:plant/olive_sapling":1,"create:large_cogwheel":3,"tfc:plant/trillium":2,"tfc:powder/kaolinite":24,"tfc:plant/lady_fern":2,"tfc:wood/log/maple":59,"dttfc:chestnut_seed":49,"tfc:wood/support/maple":30,"tfc:wood/stripped_log/chestnut":44,"tfc:ore/rich_sphalerite":1,"farmersdelight:tree_bark":44,"tfc:wood/chest/chestnut":4,"tfc:plant/coontail":1,"tfc:ore/kaolinite":32,"tfc:torch":25,"tfc:seeds/green_bean":5,"tfc:wood/leaves/oak":191,"tfc:plant/scutch_grass":2,"tfc:rock/cobble/shale":10,"waterstrainer:worm":6,"tfc:wood/support/chestnut":205,"tfcorewashing:chunks_sphalerite":6,"tfc:food/onion":7,"tfc:rock/cobble/slate":2,"exnihilosequentia:string_mesh":1,"tfc:seeds/wheat":15,"waterflasks:bladder":1,"minecraft:flint":14,"tfc:seeds/beet":2,"tfc:stick_bunch":15,"tfc:seeds/oat":21,"minecraft:bone":17,"tfc:wood/log/chestnut":308,"tfc:plant/marigold":3,"tfc:food/cattail_root":20,"tfcorewashing:chunks_tetrahedrite":189,"firmalife:fruit_leaf":4,"tfc:seeds/potato":18,"create:shaft":9,"tfc:ore/poor_sphalerite":2,"tfc:plant/tulip_orange":24,"tfc:wood/planks/maple_loom":1,"tfc:wood/sluice/chestnut":2,"tfc:seeds/melon":1,"tfc:jute":75,"create:cogwheel":3,"tfc:ceramic/vessel":4,"tfc:ore/poor_tetrahedrite":7,"exnihilosequentia:silkworm":115,"tfc:wood/barrel/chestnut":17,"tfc:rock/loose/slate":322,"tfc:food/bear":11,"tfc:seeds/onion":4,"create:white_sail":10,"minecraft:charcoal":24,"exnihilosequentia:infesting_leaves":1,"minecraft:ladder":2,"minecraft:clay_ball":165,"tfc:wood/planks/oak_workbench":1,"tfc:rock/raw/shale":9,"create_hc:gear_small":11,"tfc:rock/loose/andesite":167,"tfc:straw":127,"tfc:rock/gravel/slate":11,"tfc:food/carrot":18,"tfc:plant/arrowhead":1,"tfc:dirt/sandy_loam":3,"tfc:plant/gooseberry_bush":1,"tfc:dirt/silty_loam":285,"tfc:plant/lotus":12,"create_hc:gear_large":2,"tfcorewashing:copper_powder":8,"exnihilosequentia:cactus_seeds":1,"tfc:plant/dandelion":15,"tfc:wood/sluice/maple":1,"tfc:plant/ostrich_fern":2,"tfc:plant/water_lily":2,"create:windmill_bearing":3,"untamedwilds:hide_bear_brown":1,"tfc:ore/normal_sphalerite":9,"tfc:melon":2,"tfc:food/oat":28,"firmalife:food/cocoa_beans":1,"tfc:seeds/jute":38,"tfc:food/green_bean":11,"tfc:rock/loose/shale":152,"tfc:wood/twig/chestnut":5,"tfcorewashing:tetrahedrite_powder":9,"tfc:ore/normal_tetrahedrite":25,"tfc:food/turtle":3,"dttfc:oak_seed":21,"tfc:stone/knife/sedimentary":1,"tfcorewashing:rocky_chunks_tetrahedrite":2,"tfc:plant/bromegrass":1,"tfc:ore/small_native_copper":4,"tfcorewashing:rocky_chunks_sphalerite":4,"tfc:blubber":3,"create:turntable":1,"create:gearbox":1,"tfc:wood/fallen_leaves/chestnut":7,"create:millstone":1,"tfc:plant/moss":2,"tfc:food/potato":27,"tfc:ceramic/ingot_mold":11,"tfc:rock/loose/dolomite":40,"tfc:ceramic/chisel_head_mold":1},"minecraft:dropped":{"tfc:wood/log/chestnut":4,"tfc:stick_bunch":15,"tfc:rock/loose/shale":29,"minecraft:flint":7,"tfc:ceramic/chisel_head_mold":1,"tfcorewashing:dirty_dust_tetrahedrite":232,"tfcorewashing:dirty_pile_sphalerite":15,"tfcorewashing:dirty_dust_sphalerite":62,"tfc:wood/log/maple":2,"tfc:stone/knife/sedimentary":3,"tfcorewashing:dirty_pile_tetrahedrite":16,"tfcorewashing:pile_black_sand":39,"tfcorewashing:rocky_chunks_tetrahedrite":236,"tfcorewashing:rocky_chunks_sphalerite":62,"tfc:rock/loose/andesite":14,"tfc:rock/loose/slate":84,"tfcorewashing:tetrahedrite_powder":9,"dttfc:chestnut_seed":3,"tfc:food/vegetables_soup":2,"tfc:straw":9,"tfc:wood/twig/chestnut":4,"tfc:rock/cobble/andesite":5,"minecraft:stick":20,"tfcorewashing:chunks_tetrahedrite":37,"tfcorewashing:copper_powder":8,"tfc:ore/lignite":3,"tfc:firestarter":1,"tfcorewashing:chunks_sphalerite":6,"tfc:rock/loose/dolomite":7,"tfc:seeds/oat":3,"tfc:dirt/silty_loam":21,"tfc:ceramic/ingot_mold":9,"tfc:ceramic/pickaxe_head_mold":1,"tfc:rock/gravel/shale":65,"tfc:torch":9,"tfc:plant/lady_fern":1,"tfc:ceramic/vessel":4,"tfc:ore/small_native_copper":4},"minecraft:crafted":{"htm:flint_shears":2,"tfc:stone/axe/sedimentary":12,"exnihilosequentia:birch_sieve":1,"tfcorewashing:dirty_dust_sphalerite":5,"tfc:metal/chisel/copper":1,"tfcorewashing:dirty_dust_tetrahedrite":17,"minecraft:melon_slice":8,"tfcorewashing:pellet_copper":15,"minecraft:lever":1,"htm:plant_string":5,"adchimneys:stone_vent":32,"tfc:stone/hoe/sedimentary":2,"create:vertical_gearbox":1,"tfc:rock/smooth/shale":2,"tfc:handstone":2,"tfc:thatch":2,"htm:flint_sharped":4,"tfc:wood/chest/chestnut":15,"tfc:wood/planks/maple_loom":1,"firmalife:beehive_frame":11,"woodenhopper:wooden_hopper":5,"tfc:rock/cobble/andesite":28,"tfc:quern":1,"tfcorewashing:rocky_chunks_sphalerite":58,"tfc:wood/planks/maple_slab":6,"tfc:metal/chisel_head/copper":1,"farmersdelight:cutting_board":1,"minecraft:stick":143,"tfc:stone/shovel/metamorphic":1,"tfc:rock/cobble/shale":17,"tfc:wood/sluice/chestnut":3,"precisionprospecting:metal/prospector_hammer_head/copper":1,"precisionprospecting:metal/prospector_hammer/copper":1,"tfc:wooden_bucket":1,"tfc:stone/javelin/sedimentary":2,"tfcorewashing:rocky_chunks_tetrahedrite":234,"tfc:wood/barrel/chestnut":4,"firmalife:beehive":2,"tfc:food/oat_grain":28,"htm:flint_scrap":6,"tfc:wood/planks/maple":5,"waterstrainer:string_mesh":15,"minecraft:ladder":66,"adchimneys:stone_chimney":32,"tfc:wood/planks/chestnut_tool_rack":2,"tfc:wood/planks/chestnut_slab":12,"tfc:sand/black":16,"exnihilosequentia:wooden_crook":1,"tfc:stone/shovel/sedimentary":10,"create:andesite_alloy":15,"tfc:rock/cobble/slate":35,"tfc:stone/hammer/sedimentary":3,"tfc:stone/knife/sedimentary":11,"tfc:wood/planks/chestnut":10,"tfc:wood/planks/maple_trapdoor":12,"tfc:wood/lumber/maple":60,"tfcorewashing:pellet_sphalerite":5,"tfc:firestarter":5,"tfc:metal/saw_blade/copper":1,"tfc:food/wheat_grain":29,"tfc:metal/pickaxe_head/copper":1,"tfc:metal/pickaxe/copper":1,"tfc:powder/flux":6,"tfc:stone/axe/metamorphic":4,"tfc:stick_bunch":19,"tfc:wood/lumber/chestnut":286,"exnihilosequentia:string_mesh":1,"tfc:metal/saw/copper":1}},"DataVersion":2975}