{"stats":{"minecraft:broken":{"tfc:stone/shovel/metamorphic":10,"tfc:stone/hammer/metamorphic":1,"tfc:stone/knife/metamorphic":5,"tfc:stone/axe/sedimentary":6,"htm:flint_shears":1,"tfc:firestarter":2,"tfc:stone/hoe/metamorphic":4,"tfc:stone/shovel/sedimentary":5,"tfc:stone/axe/metamorphic":8},"minecraft:used":{"tfc:food/carrot":4,"tfc:plant/trillium":1,"tfc:rock/gravel/slate":22,"tfc:wood/sluice/chestnut":2,"tfc:quern":2,"tfc:plant/dandelion":15,"tfc:stone/axe/sedimentary":33,"woodenhopper:wooden_hopper":6,"minecraft:rotten_flesh":1,"tfc:wood/leaves/maple":31,"exnihilosequentia:birch_sieve":1,"tfc:wood/support/maple":1,"firmalife:beehive":2,"tfc:plant/athyrium_fern":1,"tfc:stone/hammer/metamorphic":4,"animaltrap:empty":9,"tfc:rock/loose/shale":22,"tfc:seeds/wheat":3,"tfc:wood/log/chestnut":3,"tfc:pan/filled":38,"tfc:wood/twig/chestnut":10,"tfc:plant/sword_fern":1,"tfc:wood/leaves/chestnut":127,"tfc:sand/yellow":1,"tfc:seeds/jute":2,"tfc:dead_torch":6,"farmersdelight:pumpkin_slice":21,"tfc:stone/javelin/metamorphic":59,"tfc:wood/stripped_log/maple":1,"farmersdelight:tatami":16,"tfc:wood/chest/chestnut":7,"tfc:stone/axe/metamorphic":43,"tfc:rock/gravel/shale":16,"waystones:waystone":1,"tfc:wood/barrel/chestnut":5,"minecraft:string":1,"tfc:seeds/pumpkin":3,"tfc:seeds/tomato":7,"tfc:pan/empty":76,"tfc:rock/loose/slate":5,"tfc:torch":166,"tfc:firestarter":64,"exnihilosequentia:silkworm":2,"minecraft:air":42,"tfc:wood/planks/chestnut_slab":1,"tfc:wood/leaves/oak":50,"tfc:rock/cobble/shale":26,"tfc:metal/axe/copper":2,"tfc:food/cooked_rabbit":3,"tfc:food/tomato":6,"minecraft:stick":2,"tfc:stone/shovel/sedimentary":251,"tfc:rock/raw/shale":1,"tfc:seeds/carrot":2,"tfc:wood/planks/chestnut_workbench":1,"minecraft:feather":3,"tfc:wood/stripped_log/birch":1,"tfc:rock/cobble/slate_slab":2,"tfc:rock/cobble/andesite":2,"exnihilosequentia:wooden_crook":213,"tfc:food/vegetables_soup":18,"dttfc:maple_seed":6,"tfc:raw_sandstone/yellow":1,"tfc:wood/planks/chestnut_loom":1,"tfc:sand/brown":1,"tfc:plant/lady_fern":1,"tfc:stone/hoe/metamorphic":293,"dttfc:chestnut_seed":6,"tfc:seeds/potato":23,"tfc:seeds/green_bean":8,"minecraft:baked_potato":17,"tfc:stone/shovel/metamorphic":574,"tfc:food/green_bean":21,"animaltrap:small_animals_bait":1,"tfc:rock/cobble/slate":1,"htm:flint_shears":220,"tfc:stone/knife/metamorphic":209,"tfc:food/grain_soup":4,"tfc:plant/houstonia":42,"dttfc:birch_seed":2,"tfc:dirt/silty_loam":44,"tfc:food/rabbit":1,"tfc:metal/pickaxe/copper":86,"tfc:ceramic/large_vessel":2,"dttfc:oak_seed":1,"tfc:food/potato":1,"tfc:stone/javelin/sedimentary":5,"tfc:wood/sluice/maple":8,"tfc:food/quail":1,"tfc:rock/raw/diorite":2,"tfc:plant/bromegrass":2},"minecraft:crafted":{"htm:flint_shears":4,"tfc:stone/axe/sedimentary":6,"exnihilosequentia:birch_sieve":1,"tfc:metal/chisel/copper":1,"farmersdelight:canvas":33,"tfcorewashing:pellet_copper":22,"tfcorewashing:dirty_dust_limonite":1,"htm:plant_string":39,"tfc:rock/cobble/slate_slab":6,"tfc:metal/hammer_head/copper":1,"tfc:rock/smooth/shale":2,"tfcorewashing:briquet_copper":4,"tfc:handstone":1,"tfc:thatch":3,"htm:flint_sharped":4,"mcw_tfc_aio:fences/other_fences/hedge":12,"tfc:wood/chest/chestnut":10,"tfc:stone/hammer/igneous_intrusive":2,"firmalife:beehive_frame":12,"woodenhopper:wooden_hopper":4,"tfc:rock/cobble/andesite":1,"tfcorewashing:rocky_chunks_copper":26,"tfc:quern":1,"animaltrap:small_animals_bait":10,"tfcorewashing:rocky_chunks_sphalerite":12,"farmersdelight:tatami":12,"kubejs:andesite_rock_powder":47,"tfc:metal/chisel_head/copper":1,"tfc:food/rabbit":6,"minecraft:stick":10,"tfc:metal/ingot/copper":3,"tfc:stone/shovel/metamorphic":10,"tfc:rock/cobble/shale":10,"tfc:wood/sluice/chestnut":1,"animaltrap:twine":12,"tfc:stone/hammer/metamorphic":2,"tfc:wooden_bucket":1,"tfc:stone/javelin/sedimentary":2,"tfc:stone/knife/metamorphic":7,"tfc:metal/axe_head/copper":1,"tfc:wood/barrel/chestnut":2,"tfcorewashing:rocky_chunks_bismuthinite":12,"firmalife:beehive":2,"tfc:rock/loose/slate":4,"tfc:metal/hammer/copper":1,"tfc:wood/planks/chestnut_loom":1,"animaltrap:empty":8,"tfc:sand/red":7,"htm:flint_scrap":8,"tfc:wood/planks/maple":2,"waterstrainer:string_mesh":15,"tfc:sand/green":3,"tfc:wood/planks/chestnut_slab":6,"tfc:wood/planks/chestnut_workbench":1,"tfc:food/quail":1,"tfc:sand/black":1,"exnihilosequentia:wooden_crook":1,"tfcorewashing:pellet_bismuthinite":2,"tfc:dead_torch":6,"tfc:stone/shovel/sedimentary":5,"tfc:stone/hoe/metamorphic":7,"tfc:rock/cobble/slate":10,"tfc:stone/javelin/metamorphic":2,"tfc:metal/axe/copper":1,"tfcorewashing:rocky_chunks_limonite":12,"tfc:wood/planks/chestnut":9,"tfc:wood/lumber/maple":44,"tfcorewashing:rocky_chunks_silver":6,"tfc:wood/sluice/maple":2,"tfcorewashing:dirty_dust_copper":4,"tfc:firestarter":6,"tfc:sand/yellow":3,"tfc:metal/saw_blade/copper":1,"tfcorewashing:rocky_chunks_gold":2,"tfc:metal/pickaxe/copper":1,"tfc:metal/pickaxe_head/copper":1,"tfc:powder/flux":14,"tfc:stone/axe/metamorphic":8,"kubejs:medical_green_powder":10,"minecraft:clay":32,"tfc:wood/lumber/chestnut":262,"exnihilosequentia:string_mesh":1,"tfc:metal/saw/copper":1},"minecraft:mined":{"tfc:plant/houstonia":44,"tfc:wild_crop/carrot":2,"tfc:grass/silty_loam":185,"tfc:raw_sandstone/yellow":1,"animaltrap:small_animals_bait":1,"tfc:wall_torch":3,"tfc:rock/raw/slate":17,"tfc:sand/brown":210,"tfc:sand/yellow":59,"dttfc:oak_leaves":56,"tfc:groundcover/stick":5,"tfc:wild_crop/potato":9,"tfc:wood/chest/chestnut":1,"tfc:crop/tomato":1,"tfc:plant/trillium":8,"tfc:plant/switchgrass":86,"tfc:wood/leaves/oak":13,"tfc:pumpkin":11,"tfc:clay_grass/silty_loam":59,"minecraft:tripwire":1,"animaltrap:bait":1,"tfc:wood/sluice/maple":6,"tfc:wild_crop/pumpkin":8,"tfc:plant/lady_fern":5,"tfc:dead_torch":1,"tfc:wood/planks/chestnut_slab":1,"tfc:scraping":8,"tfc:plant/scutch_grass":61,"tfc:plant/dandelion":15,"tfc:rock/raw/shale":14,"tfc:plant/ivy":1,"tfc:plant/arrowhead":10,"tfc:plant/sword_fern":2,"tfc:clay/silty_loam":26,"tfc:rock/cobble/slate":6,"tfc:rock/loose/slate":4,"tfc:log_pile":2,"tfc:wild_crop/tomato":8,"tfc:rock/cobble/slate_slab":2,"tfc:rock/anvil/diorite":1,"tfc:plant/ostrich_fern":11,"exnihilosequentia:infested_leaves":88,"tfc:wood/stripped_log/maple":1,"tfc:wood/sluice/chestnut":1,"tfc:rock/loose/shale":14,"tfc:plant/tall_fescue_grass":72,"tfc:dirt/silty_loam":87,"dttfc:oak_undergrowth_leaves":5,"tfc:rock/cobble/shale":17,"tfc:wild_crop/green_bean":9,"tfc:charcoal_pile":51,"tfc:plant/bromegrass":104,"tfc:wood/twig/maple":1,"tfc:plant/timothy_grass":22,"tfc:ore/small_bismuthinite":1,"tfc:wood/barrel/chestnut":2,"tfc:rock/gravel/shale":29,"myrtrees:wooden_bucket":1,"tfc:sand/white":128,"dttfc:chestnut_undergrowth_leaves":141,"tfc:plant/field_horsetail":3,"dttfc:maple_sapling":1,"dttfc:maple_leaves":42,"woodenhopper:wooden_hopper":1,"tfc:wood/leaves/chestnut":92,"tfc:plant/ryegrass":11,"tfc:rock/cobble/andesite":2,"tfc:plant/athyrium_fern":12,"tfc:placed_item":219,"tfc:torch":16,"tfc:wood/fallen_leaves/maple":2,"tfc:wood/fallen_leaves/chestnut":11,"untamedwilds:block_burrow":1,"tfc:crop/potato":10,"tfc:rock/raw/diorite":14,"tfc:plant/moss":4,"tfc:wood/twig/chestnut":10,"farmersdelight:tatami":4,"tfc:plant/snowberry_bush":4},"minecraft:dropped":{"minecraft:clay":32,"tfc:seeds/jute":2,"minecraft:baked_potato":1,"farmersdelight:pumpkin_slice":6,"tfc:metal/pickaxe/copper":1,"tfc:rock/loose/shale":4,"tfcorewashing:dirty_pile_gold":1,"tfcorewashing:dirty_pile_copper":3,"tfc:sand/yellow":61,"tfc:stone/hoe_head/metamorphic":2,"tfcorewashing:pile_green_sand":7,"tfcorewashing:dirty_pile_limonite":3,"tfcorewashing:rocky_chunks_silver":6,"minecraft:gold_nugget":4,"tfcorewashing:rocky_chunks_bismuthinite":14,"tfc:stone/hoe/metamorphic":2,"ftbquests:book":1,"tfcorewashing:briquet_copper":6,"tfc:wood/log/maple":24,"minecraft:bone":1,"tfc:wooden_bucket":1,"tfcorewashing:dirty_pile_bismuthinite":1,"tfcorewashing:dirty_pile_silver":1,"patchouli:guide_book":2,"tfc:plant/ostrich_fern":3,"tfc:rock/loose/diorite":69,"tfc:food/carrot":8,"minecraft:charcoal":7,"tfc:plant/field_horsetail":3,"tfc:ceramic/jug":3,"tfcorewashing:rocky_chunks_sphalerite":23,"tfc:stone/hammer/metamorphic":1,"tfc:rock/loose/andesite":16,"tfc:seeds/wheat":3,"tfc:rock/loose/slate":34,"tfcorewashing:pile_yellow_sand":2,"tfc:stone/axe/metamorphic":1,"tfc:wood/fallen_leaves/chestnut":4,"kubejs:andesite_rock_powder":55,"tfcorewashing:rocky_chunks_limonite":12,"tfcorewashing:rocky_chunks_gold":2,"tfc:straw":51,"tfc:powder/amethyst":1,"tfc:wood/twig/chestnut":2,"minecraft:feather":5,"tfc:stone/knife/metamorphic":2,"tfc:rock/cobble/slate":4,"tfc:sand/black":1,"tfc:sand/white":134,"tfcorewashing:dirty_dust_gold":2,"tfcorewashing:dirty_dust_copper":30,"tfcorewashing:chunks_copper":2,"minecraft:stick":118,"tfcorewashing:dirty_dust_limonite":14,"tfc:thatch":1,"tfcorewashing:copper_powder":8,"minecraft:string":1,"tfc:stone/shovel/sedimentary":1,"tfcorewashing:pellet_copper":2,"tfc:plant/trillium":2,"waterstrainer:worm":1,"tfc:rock/loose/dolomite":2,"tfc:sand/green":3,"minecraft:clay_ball":13,"tfc:dirt/silty_loam":65,"tfc:plant/houstonia":1,"tfcorewashing:dirty_dust_bismuthinite":12,"tfc:sand/brown":185,"tfc:rock/gravel/shale":10,"tfc:torch":445,"tfc:stone/javelin/metamorphic":1,"tfc:sand/red":7,"tfc:wood/stripped_log/maple":16,"tfc:wood/stripped_log/chestnut":1,"tfcorewashing:rocky_chunks_copper":47,"tfc:plant/lady_fern":2},"minecraft:picked_up":{"tfc:ceramic/hammer_head_mold":1,"tfcorewashing:pile_green_sand":7,"tfc:food/tomato":18,"tfc:wood/fallen_leaves/maple":4,"dttfc:maple_seed":27,"tfc:seeds/pumpkin":16,"tfc:ceramic/unfired_vessel":1,"tfc:seeds/carrot":4,"tfc:rock/cobble/andesite":2,"tfc:ceramic/pickaxe_head_mold":6,"tfc:small_raw_hide":2,"tfc:pan/empty":3,"minecraft:string":144,"tfc:ceramic/shovel_head_mold":1,"tfc:wooden_bucket":1,"tfc:rock/gravel/shale":27,"tfc:rock/cobble/slate_slab":2,"animaltrap:small_animals_bait":20,"tfc:ore/small_bismuthinite":1,"minecraft:gold_nugget":14,"tfc:ceramic/saw_blade_mold":3,"tfc:stone/javelin/metamorphic":1,"tfc:metal/ingot/copper":2,"tfc:ceramic/large_vessel":2,"firmalife:beehive_frame":4,"tfcorewashing:dirty_dust_limonite":1,"minecraft:stick":539,"tfcorewashing:dirty_pile_silver":1,"tfcorewashing:rocky_chunks_bismuthinite":2,"tfc:stone/hammer/igneous_intrusive":1,"tfc:powder/amethyst":1,"htm:flint_shears":1,"tfcorewashing:dirty_pile_bismuthinite":1,"tfc:thatch":1,"tfc:stone/hammer/metamorphic":3,"tfcorewashing:pile_yellow_sand":7,"minecraft:rabbit_foot":2,"tfc:plant/houstonia":45,"tfc:plant/trillium":6,"exnihilosequentia:wooden_crook":13,"farmersdelight:canvas":2,"tfc:plant/lady_fern":4,"tfc:wood/log/maple":82,"tfc:ceramic/bowl":2,"minecraft:rotten_flesh":4,"dttfc:chestnut_seed":75,"tfc:wood/support/maple":24,"tfc:wood/stripped_log/chestnut":217,"farmersdelight:tree_bark":258,"tfc:wood/chest/chestnut":1,"tfc:torch":516,"tfc:seeds/green_bean":8,"tfc:sand/white":134,"tfc:wood/leaves/oak":50,"tfc:rock/cobble/shale":17,"waterstrainer:worm":1,"tfc:wood/support/chestnut":129,"minecraft:feather":31,"untamedwilds:hide_bigcat_puma":8,"tfcorewashing:chunks_copper":5,"tfc:quern":1,"tfc:rock/cobble/slate":5,"tfc:seeds/wheat":7,"minecraft:flint":44,"tfc:stone/shovel_head/metamorphic":1,"minecraft:bone":29,"tfc:sand/brown":220,"tfc:ceramic/unfired_ingot_mold":4,"tfc:wood/log/chestnut":198,"tfc:wood/planks/chestnut_slab":1,"tfc:large_raw_hide":4,"farmersdelight:pumpkin_slice":30,"tfc:metal/pickaxe_head/copper":1,"tfc:plant/sword_fern":1,"kubejs:andesite_rock_powder":8,"tfc:seeds/potato":30,"tfc:wood/sluice/chestnut":1,"animaltrap:empty":1,"firstaid:plaster":10,"tfc:seeds/melon":1,"patchouli:guide_book":1,"myrtrees:wooden_bucket":1,"tfc:sand/yellow":59,"tfc:stone/axe/sedimentary":1,"tfc:ceramic/vessel":12,"tfcorewashing:dirty_pile_limonite":3,"tfc:firestarter":6,"tfc:wood/leaves/chestnut":127,"exnihilosequentia:silkworm":101,"tfc:plant/athyrium_fern":12,"tfc:wood/barrel/chestnut":2,"tfc:rock/loose/slate":94,"tfc:stone/knife/metamorphic":5,"tfc:ceramic/axe_head_mold":4,"minecraft:charcoal":73,"tfc:powder/limonite":1,"minecraft:clay_ball":261,"tfc:seeds/tomato":11,"tfc:rock/raw/shale":8,"create_hc:gear_small":4,"tfcorewashing:gold_powder":1,"tfc:wood/leaves/maple":40,"animaltrap:quail_carcass":1,"tfc:food/carrot":12,"tfc:rock/loose/andesite":19,"tfc:straw":348,"tfc:ceramic/jug":6,"tfc:rock/gravel/slate":22,"tfc:plant/arrowhead":5,"butchersdelight:deadrabbitbrown":5,"tfc:dirt/silty_loam":343,"tfc:powder/wood_ash":1,"tfc:metal/pickaxe/copper":4,"tfcorewashing:copper_powder":89,"tfc:plant/dandelion":15,"tfc:wood/sluice/maple":6,"tfc:plant/ostrich_fern":3,"tfc:rock/loose/diorite":136,"dttfc:birch_seed":10,"tfc:stone/shovel/sedimentary":3,"tfc:stone/hoe/metamorphic":11,"tfc:ceramic/pot":1,"tfc:raw_sandstone/yellow":1,"tfcorewashing:dirty_dust_gold":2,"animaltrap:twine":5,"tfc:seeds/jute":4,"pneumaticcraft:bandage":10,"tfc:food/green_bean":28,"tfcorewashing:rocky_chunks_copper":21,"tfc:rock/loose/shale":93,"tfc:wood/twig/chestnut":11,"firstaid:bandage":1,"tfc:wood/stripped_log/birch":14,"dttfc:oak_seed":1,"waterstrainer:string_mesh":2,"tfc:ceramic/sword_blade_mold":1,"tfc:stone/shovel/metamorphic":8,"tfc:ceramic/unfired_bowl":6,"farmersdelight:tatami":4,"tfcorewashing:briquet_copper":9,"tfc:rock/raw/diorite":8,"tfc:plant/field_horsetail":3,"tfcorewashing:pile_red_sand":9,"minecraft:rabbit_hide":1,"tfc:plant/bromegrass":2,"tfc:metal/axe/copper":1,"tfc:metal/chisel/copper":1,"tfc:wood/log/birch":28,"tfcorewashing:pellet_copper":5,"tfcorewashing:rocky_chunks_sphalerite":11,"tfc:ore/small_native_copper":1,"tfc:stone/hammer_head/metamorphic":1,"tfc:wood/stripped_log/maple":67,"tfc:handstone":1,"minecraft:spider_eye":2,"tfcorewashing:dirty_pile_gold":1,"tfc:stone/axe/metamorphic":5,"tfc:wood/fallen_leaves/chestnut":18,"tfc:food/potato":56,"tfc:ceramic/ingot_mold":17,"tfc:stone/hoe_head/metamorphic":1,"tfcorewashing:dirty_pile_copper":5,"mcw_tfc_aio:fences/other_fences/hedge":2,"tfc:pumpkin":11,"tfc:rock/loose/dolomite":3,"woodenhopper:wooden_hopper":2,"tfc:ceramic/chisel_head_mold":1,"tfc:ceramic/unfired_large_vessel":4},"minecraft:custom":{"minecraft:interact_with_crafting_table":59,"minecraft:leave_game":6,"minecraft:time_since_death":163717,"minecraft:sprint_one_cm":1032450,"minecraft:drop":236,"minecraft:play_time":672380,"minecraft:deaths":10,"minecraft:jump":6088,"minecraft:walk_on_water_one_cm":65698,"minecraft:waystone_activated":2,"minecraft:damage_dealt":1386,"minecraft:player_kills":2,"minecraft:crouch_one_cm":293509,"minecraft:mob_kills":9,"minecraft:inspect_hopper":6,"minecraft:climb_one_cm":1202,"minecraft:walk_one_cm":1434337,"minecraft:sneak_time":82067,"minecraft:walk_under_water_one_cm":2809,"minecraft:total_world_time":672380,"minecraft:time_since_rest":163744,"minecraft:damage_taken":2016,"minecraft:swim_one_cm":214,"minecraft:fly_one_cm":1111321,"minecraft:open_chest":425,"minecraft:fall_one_cm":115771},"minecraft:killed":{"minecraft:spider":1,"tfc:quail":1,"untamedwilds:tarantula":1,"tfc:rabbit":2,"hordes:zombie_player":2,"untamedwilds:big_cat":2},"minecraft:killed_by":{"untamedwilds:big_cat":4}},"DataVersion":2975}