{"stats":{"minecraft:broken":{"tfc:stone/shovel/metamorphic":11,"tfc:stone/hammer/metamorphic":1,"tfc:stone/knife/metamorphic":7,"exnihilosequentia:wooden_crook":1,"tfc:stone/axe/sedimentary":6,"tfc:stone/axe/igneous_intrusive":1,"htm:flint_shears":1,"tfc:firestarter":3,"tfc:stone/hoe/metamorphic":5,"tfc:stone/shovel/sedimentary":5,"tfc:stone/axe/metamorphic":9},"minecraft:used":{"tfc:food/carrot":4,"tfc:plant/trillium":2,"tfc:rock/gravel/slate":22,"tfc:wood/sluice/chestnut":2,"tfc:quern":2,"tfc:plant/dandelion":44,"tfc:stone/axe/sedimentary":33,"woodenhopper:wooden_hopper":6,"minecraft:rotten_flesh":1,"tfc:wood/leaves/maple":96,"exnihilosequentia:birch_sieve":1,"tfc:wood/support/maple":1,"firmalife:beehive":6,"tfc:wood/barrel/maple":1,"tfc:plant/athyrium_fern":1,"tfc:stone/hammer/metamorphic":4,"tfc:rock/loose/shale":22,"animaltrap:empty":9,"tfc:seeds/wheat":3,"tfc:wood/log/chestnut":3,"tfc:pan/filled":38,"tfc:plant/sword_fern":1,"tfc:wood/twig/chestnut":10,"tfc:wood/leaves/chestnut":148,"tfc:sand/yellow":2,"tfc:seeds/jute":2,"tfc:dead_torch":6,"tfc:stone/javelin/metamorphic":60,"farmersdelight:pumpkin_slice":21,"farmersdelight:tatami":16,"tfc:wood/stripped_log/maple":1,"tfc:stone/axe/metamorphic":45,"tfc:wood/chest/chestnut":9,"tfc:rock/gravel/shale":16,"waystones:waystone":1,"tfc:wood/barrel/chestnut":8,"minecraft:string":9,"tfc:seeds/pumpkin":9,"tfc:seeds/tomato":7,"tfc:pan/empty":76,"tfc:rock/loose/slate":5,"tfc:torch":231,"tfc:firestarter":87,"exnihilosequentia:silkworm":2,"minecraft:air":43,"tfc:wood/planks/chestnut_slab":1,"tfc:wood/leaves/oak":50,"tfc:rock/cobble/shale":26,"tfc:metal/axe/copper":8,"minecraft:stick":4,"tfc:food/cooked_rabbit":5,"tfc:food/tomato":6,"tfc:stone/shovel/sedimentary":251,"tfc:rock/raw/shale":1,"tfc:metal/javelin/copper":2,"tfc:food/vegetables_salad":6,"tfc:seeds/carrot":2,"tfc:wood/planks/chestnut_workbench":1,"minecraft:feather":3,"tfc:wood/stripped_log/birch":1,"tfc:rock/cobble/slate_slab":2,"exnihilosequentia:wooden_crook":291,"tfc:food/vegetables_soup":18,"tfc:rock/cobble/andesite":2,"dttfc:maple_seed":7,"tfc:raw_sandstone/yellow":1,"comforts:sleeping_bag_white":4,"tfc:wood/planks/chestnut_loom":1,"tfc:sand/brown":1,"tfc:stone/hoe/metamorphic":366,"tfc:stone/knife/igneous_intrusive":2,"tfc:plant/lady_fern":1,"tfc:metal/propick/copper":14,"dttfc:chestnut_seed":6,"tfc:seeds/potato":23,"tfc:seeds/green_bean":8,"minecraft:baked_potato":31,"tfc:food/cattail_root":1,"tfc:food/green_bean":21,"tfc:stone/shovel/metamorphic":600,"animaltrap:small_animals_bait":1,"tfc:rock/cobble/slate":1,"htm:flint_shears":317,"tfc:stone/knife/metamorphic":231,"tfc:food/grain_soup":4,"minecraft:crafting_table":1,"tfc:plant/houstonia":57,"minecraft:spider_eye":1,"dttfc:birch_seed":2,"tfc:stone/axe/igneous_intrusive":3,"tfc:dirt/silty_loam":44,"tfc:food/rabbit":1,"tfc:metal/pickaxe/copper":90,"tfc:ceramic/large_vessel":3,"dttfc:oak_seed":6,"tfc:food/potato":1,"tfc:stone/javelin/sedimentary":15,"tfc:food/quail":1,"tfc:wood/sluice/maple":8,"tfc:rock/raw/diorite":2,"tfc:plant/bromegrass":2},"minecraft:crafted":{"htm:flint_shears":4,"tfc:stone/axe/sedimentary":6,"exnihilosequentia:birch_sieve":1,"tfcorewashing:dirty_dust_sphalerite":2,"tfc:metal/chisel/copper":1,"farmersdelight:canvas":33,"tfcorewashing:pellet_copper":22,"tfcorewashing:dirty_dust_limonite":1,"kubejs:medical_white_powder":4,"htm:plant_string":40,"tfc:rock/cobble/slate_slab":6,"tfc:metal/hammer_head/copper":1,"tfc:rock/smooth/shale":2,"tfc:metal/javelin/copper":1,"tfcorewashing:briquet_copper":4,"tfc:handstone":1,"tfc:thatch":3,"htm:flint_sharped":4,"mcw_tfc_aio:fences/other_fences/hedge":12,"tfc:wood/chest/chestnut":12,"kubejs:cut_cattail":15,"tfc:wood/lumber/oak":44,"firmalife:spoon":1,"tfc:stone/hammer/igneous_intrusive":2,"firmalife:beehive_frame":18,"woodenhopper:wooden_hopper":4,"tfc:rock/cobble/andesite":1,"minecraft:crafting_table":1,"tfcorewashing:rocky_chunks_copper":26,"tfc:quern":1,"animaltrap:small_animals_bait":10,"tfcorewashing:rocky_chunks_sphalerite":14,"farmersdelight:tatami":12,"kubejs:andesite_rock_powder":62,"tfc:metal/chisel_head/copper":1,"tfc:food/rabbit":6,"minecraft:stick":10,"tfc:stone/shovel/metamorphic":10,"tfc:metal/ingot/copper":3,"tfc:rock/cobble/shale":10,"tfc:wood/sluice/chestnut":1,"animaltrap:twine":12,"tfc:stone/hammer/metamorphic":2,"tfc:wooden_bucket":1,"tfc:stone/javelin/sedimentary":2,"tfc:stone/knife/metamorphic":11,"tfc:metal/axe_head/copper":1,"minecraft:azure_bluet":4,"tfc:wood/barrel/chestnut":2,"tfcorewashing:rocky_chunks_bismuthinite":14,"firmalife:beehive":3,"tfc:rock/loose/slate":4,"comforts:sleeping_bag_white":1,"tfc:metal/hammer/copper":1,"tfc:wood/planks/chestnut_loom":1,"animaltrap:empty":8,"tfc:sand/red":7,"kubejs:primitive_glass_pane":4,"htm:flint_scrap":8,"tfc:wood/planks/maple":2,"tfc:stone/axe/igneous_intrusive":3,"waterstrainer:string_mesh":21,"tfc:metal/javelin_head/copper":1,"tfc:sand/green":3,"tfc:wood/planks/chestnut_slab":6,"tfc:wood/planks/chestnut_workbench":1,"tfc:wood/barrel/maple":1,"tfc:food/quail":1,"tfc:sand/black":5,"exnihilosequentia:wooden_crook":2,"kubejs:tree_seed_paste":19,"tfcorewashing:pellet_bismuthinite":2,"tfc:dead_torch":6,"tfc:stone/shovel/sedimentary":5,"tfc:stone/hoe/metamorphic":7,"tfc:rock/cobble/slate":10,"tfcambiental:straw_hat":1,"tfc:stone/javelin/metamorphic":2,"tfc:metal/propick_head/copper":1,"tfc:metal/axe/copper":1,"tfcorewashing:rocky_chunks_limonite":12,"tfc:metal/propick/copper":1,"tfc:wood/planks/chestnut":9,"tfc:wood/lumber/maple":92,"tfcorewashing:rocky_chunks_silver":12,"tfc:wood/sluice/maple":2,"tfcorewashing:dirty_dust_copper":4,"tfc:firestarter":7,"tfc:sand/yellow":3,"tfc:metal/saw_blade/copper":1,"tfc:metal/pickaxe_head/copper":1,"tfcorewashing:rocky_chunks_gold":2,"tfc:metal/pickaxe/copper":1,"tfc:powder/flux":24,"tfc:stone/axe/metamorphic":8,"kubejs:medical_green_powder":36,"minecraft:clay":32,"tfc:wood/lumber/chestnut":262,"exnihilosequentia:string_mesh":1,"tfc:stone/knife/igneous_intrusive":2,"tfc:metal/saw/copper":1},"minecraft:mined":{"tfc:plant/houstonia":59,"tfc:plant/coontail":2,"tfc:wild_crop/carrot":2,"tfc:grass/silty_loam":188,"tfc:raw_sandstone/yellow":1,"animaltrap:small_animals_bait":1,"tfc:wall_torch":7,"tfc:rock/raw/slate":17,"tfc:sand/brown":210,"tfc:sand/yellow":81,"dttfc:oak_leaves":56,"tfc:groundcover/stick":7,"tfc:wild_crop/potato":9,"minecraft:fire":4,"tfc:wood/chest/chestnut":1,"tfc:plant/cattail":5,"tfc:crop/tomato":1,"tfc:plant/switchgrass":94,"tfc:plant/trillium":10,"tfc:wood/leaves/oak":13,"tfc:pumpkin":11,"tfc:clay_grass/silty_loam":59,"minecraft:tripwire":7,"animaltrap:bait":1,"tfc:wood/sluice/maple":6,"tfc:wild_crop/pumpkin":8,"tfc:pit_kiln":1,"tfc:plant/lady_fern":5,"tfc:dead_torch":1,"tfc:wood/planks/chestnut_slab":1,"tfc:scraping":12,"tfc:rock/raw/shale":15,"tfc:plant/scutch_grass":63,"tfc:plant/arrowhead":23,"tfc:plant/ivy":1,"tfc:plant/dandelion":44,"tfc:plant/sword_fern":2,"tfc:clay/silty_loam":26,"tfc:rock/loose/slate":4,"tfc:rock/cobble/slate":6,"tfc:wood/planks/chestnut_workbench":1,"tfc:log_pile":2,"tfc:wild_crop/tomato":8,"tfc:ceramic/large_vessel":1,"tfc:rock/cobble/slate_slab":2,"tfc:rock/anvil/diorite":1,"exnihilosequentia:infested_leaves":166,"tfc:plant/ostrich_fern":11,"tfc:wood/stripped_log/maple":1,"tfc:rock/loose/shale":14,"tfc:wood/sluice/chestnut":1,"tfc:plant/tall_fescue_grass":80,"firmalife:beehive":3,"tfc:dirt/silty_loam":87,"dttfc:oak_undergrowth_leaves":5,"tfc:rock/cobble/shale":17,"tfc:charcoal_pile":51,"tfc:wild_crop/green_bean":9,"tfc:plant/bromegrass":104,"tfc:wood/twig/maple":1,"tfc:plant/timothy_grass":22,"tfc:wood/barrel/chestnut":3,"tfc:rock/gravel/shale":29,"tfc:ore/small_bismuthinite":1,"myrtrees:wooden_bucket":1,"tfc:sand/white":128,"dttfc:chestnut_undergrowth_leaves":143,"tfc:plant/field_horsetail":3,"dttfc:maple_sapling":1,"dttfc:maple_leaves":105,"dttfc:chestnut_leaves":34,"woodenhopper:wooden_hopper":1,"tfc:wood/leaves/chestnut":92,"tfc:plant/ryegrass":12,"tfc:rock/cobble/andesite":2,"tfc:plant/athyrium_fern":12,"dttfc:maple_undergrowth_leaves":1,"tfc:placed_item":244,"tfc:torch":16,"tfc:wood/fallen_leaves/maple":3,"tfc:wood/fallen_leaves/chestnut":12,"untamedwilds:block_burrow":2,"tfc:crop/potato":10,"tfc:rock/raw/diorite":14,"tfc:plant/moss":4,"tfc:wood/twig/chestnut":10,"farmersdelight:tatami":4,"tfc:plant/snowberry_bush":4},"minecraft:dropped":{"minecraft:clay":32,"tfc:seeds/jute":2,"minecraft:baked_potato":1,"farmersdelight:pumpkin_slice":6,"tfc:metal/pickaxe/copper":1,"tfc:rock/loose/shale":4,"tfcorewashing:dirty_pile_gold":1,"tfcorewashing:dirty_pile_copper":3,"dttfc:birch_seed":8,"tfc:sand/yellow":82,"tfc:stone/hoe_head/metamorphic":2,"tfcorewashing:pile_green_sand":7,"tfcorewashing:dirty_pile_limonite":3,"tfcorewashing:rocky_chunks_silver":16,"minecraft:gold_nugget":4,"tfcorewashing:dirty_pile_sphalerite":5,"tfcorewashing:rocky_chunks_bismuthinite":16,"tfc:stone/hoe/metamorphic":2,"ftbquests:book":1,"tfcorewashing:dirty_dust_sphalerite":16,"tfcorewashing:briquet_copper":6,"tfc:wood/log/maple":24,"minecraft:bone":13,"tfc:wooden_bucket":2,"tfcorewashing:pile_black_sand":5,"tfcorewashing:dirty_pile_bismuthinite":1,"exnihilosequentia:silkworm":15,"tfcorewashing:dirty_pile_silver":3,"tfc:stone/axe/igneous_intrusive":2,"patchouli:guide_book":2,"tfc:plant/ostrich_fern":3,"tfc:rock/loose/diorite":69,"tfc:food/carrot":8,"minecraft:charcoal":7,"tfc:plant/field_horsetail":3,"tfc:ceramic/jug":3,"tfcorewashing:rocky_chunks_sphalerite":25,"tfc:stone/hammer/metamorphic":1,"tfc:rock/loose/andesite":21,"tfc:seeds/wheat":3,"tfc:rock/loose/slate":34,"tfcorewashing:pile_yellow_sand":2,"tfc:stone/axe/metamorphic":1,"tfc:wood/fallen_leaves/chestnut":4,"kubejs:andesite_rock_powder":70,"tfcorewashing:sphalerite_powder":1,"tfcorewashing:rocky_chunks_limonite":12,"dttfc:chestnut_seed":13,"tfcorewashing:rocky_chunks_gold":2,"tfc:straw":56,"tfc:powder/amethyst":1,"tfc:wood/twig/chestnut":2,"minecraft:feather":5,"tfc:stone/knife/metamorphic":3,"tfc:rock/cobble/slate":4,"tfc:sand/black":5,"tfc:sand/white":134,"tfcorewashing:dirty_dust_gold":2,"tfcorewashing:dirty_dust_copper":30,"tfcorewashing:chunks_copper":2,"minecraft:stick":131,"tfcorewashing:dirty_dust_limonite":14,"waterstrainer:string_mesh":1,"firmalife:beehive_frame":18,"tfc:thatch":1,"tfcorewashing:copper_powder":8,"minecraft:string":15,"tfc:stone/shovel/sedimentary":1,"tfcorewashing:pellet_copper":2,"waterstrainer:worm":1,"tfc:plant/trillium":2,"tfc:rock/loose/dolomite":4,"tfc:sand/green":3,"minecraft:clay_ball":38,"tfc:ceramic/ingot_mold":10,"tfc:dirt/silty_loam":65,"tfc:plant/houstonia":1,"tfcorewashing:dirty_dust_bismuthinite":12,"tfc:rock/gravel/shale":10,"tfc:sand/brown":189,"tfc:torch":989,"tfc:stone/javelin/metamorphic":1,"untamedwilds:hide_bigcat_puma":4,"tfc:sand/red":7,"tfc:wood/stripped_log/maple":16,"tfc:wood/stripped_log/chestnut":1,"tfc:plant/lady_fern":2,"tfcorewashing:rocky_chunks_copper":47},"minecraft:picked_up":{"tfc:ceramic/hammer_head_mold":1,"tfcorewashing:pile_green_sand":7,"tfc:food/tomato":18,"tfc:wood/fallen_leaves/maple":5,"dttfc:maple_seed":40,"tfc:seeds/pumpkin":17,"tfc:ceramic/unfired_vessel":1,"tfc:wood/stripped_log/oak":11,"tfc:seeds/carrot":4,"tfc:rock/cobble/andesite":2,"tfc:ceramic/pickaxe_head_mold":6,"tfc:pan/empty":3,"tfc:small_raw_hide":4,"minecraft:string":285,"tfcorewashing:pile_black_sand":5,"tfc:ceramic/shovel_head_mold":2,"tfc:wooden_bucket":2,"tfc:rock/gravel/shale":27,"tfc:rock/cobble/slate_slab":2,"animaltrap:small_animals_bait":20,"minecraft:gold_nugget":14,"tfc:ceramic/saw_blade_mold":3,"comforts:sleeping_bag_white":3,"tfc:stone/javelin/metamorphic":1,"tfc:metal/ingot/copper":2,"tfc:ore/small_bismuthinite":1,"tfc:ceramic/large_vessel":3,"firmalife:beehive_frame":30,"tfcorewashing:dirty_dust_limonite":1,"minecraft:stick":645,"tfcorewashing:dirty_pile_silver":3,"tfcorewashing:rocky_chunks_bismuthinite":2,"tfc:stone/hammer/igneous_intrusive":1,"tfc:powder/amethyst":1,"tfcorewashing:dirty_pile_sphalerite":5,"htm:flint_shears":1,"tfcorewashing:dirty_pile_bismuthinite":1,"tfc:thatch":1,"tfc:stone/hammer/metamorphic":3,"tfcorewashing:pile_yellow_sand":7,"minecraft:rabbit_foot":2,"tfc:plant/houstonia":62,"tfc:plant/trillium":11,"exnihilosequentia:wooden_crook":16,"farmersdelight:canvas":2,"tfc:plant/lady_fern":4,"tfc:wood/log/maple":104,"tfc:ceramic/bowl":4,"dttfc:chestnut_seed":89,"minecraft:rotten_flesh":4,"tfc:wood/support/maple":48,"tfc:wood/stripped_log/chestnut":221,"farmersdelight:tree_bark":300,"tfc:wood/chest/chestnut":1,"tfc:stone/knife_head/metamorphic":1,"tfc:plant/coontail":2,"tfc:torch":1073,"tfc:seeds/green_bean":8,"tfc:sand/white":134,"tfc:wood/leaves/oak":50,"tfc:rock/cobble/shale":17,"waterstrainer:worm":1,"tfc:wood/support/chestnut":129,"tfcorewashing:chunks_sphalerite":1,"minecraft:feather":31,"untamedwilds:hide_bigcat_puma":17,"tfcorewashing:chunks_copper":5,"tfc:rock/cobble/slate":5,"tfc:quern":1,"tfc:seeds/wheat":7,"minecraft:flint":44,"tfc:stone/shovel_head/metamorphic":1,"tfc:ceramic/propick_head_mold":2,"tfcambiental:straw_hat":1,"minecraft:bone":45,"tfc:sand/brown":224,"tfc:ceramic/unfired_ingot_mold":4,"tfc:wood/log/chestnut":198,"tfc:wood/planks/chestnut_slab":1,"tfcorewashing:dirty_dust_silver":2,"farmersdelight:pumpkin_slice":30,"tfc:metal/pickaxe_head/copper":1,"tfc:food/cattail_root":6,"tfc:large_raw_hide":7,"tfc:plant/sword_fern":1,"kubejs:andesite_rock_powder":8,"tfc:seeds/potato":30,"tfc:wood/sluice/chestnut":1,"firstaid:plaster":12,"animaltrap:empty":1,"tfc:seeds/melon":1,"firmalife:oven_bottom":1,"patchouli:guide_book":1,"myrtrees:wooden_bucket":1,"tfc:stone/axe/sedimentary":1,"tfc:sand/yellow":81,"tfc:ceramic/vessel":12,"tfcorewashing:dirty_pile_limonite":3,"tfcorewashing:rocky_chunks_silver":4,"tfc:firestarter":6,"tfc:wood/leaves/chestnut":156,"exnihilosequentia:silkworm":202,"tfc:plant/athyrium_fern":12,"tfc:wood/barrel/chestnut":3,"tfc:rock/loose/slate":94,"tfc:stone/knife/igneous_intrusive":2,"tfc:stone/knife/metamorphic":9,"tfc:ceramic/axe_head_mold":6,"minecraft:charcoal":73,"tfc:large_scraped_hide":4,"tfc:powder/limonite":1,"minecraft:clay_ball":286,"tfc:seeds/tomato":11,"tfc:rock/raw/shale":8,"create_hc:gear_small":4,"tfcorewashing:gold_powder":1,"tfc:wood/leaves/maple":96,"animaltrap:quail_carcass":1,"tfc:rock/loose/andesite":24,"tfc:straw":362,"tfc:ceramic/jug":6,"tfc:rock/gravel/slate":22,"tfc:food/carrot":12,"tfc:plant/arrowhead":16,"butchersdelight:deadrabbitbrown":5,"tfc:dirt/silty_loam":346,"tfc:powder/wood_ash":9,"tfc:metal/pickaxe/copper":5,"tfcorewashing:copper_powder":89,"tfc:plant/dandelion":44,"tfc:wood/sluice/maple":6,"tfc:plant/ostrich_fern":3,"tfc:ceramic/javelin_head_mold":1,"tfc:rock/loose/diorite":136,"tfc:wood/planks/chestnut_workbench":1,"dttfc:birch_seed":18,"tfc:stone/hoe/metamorphic":12,"tfc:stone/shovel/sedimentary":3,"tfc:ceramic/pot":1,"pneumaticcraft:bandage":10,"tfcorewashing:dirty_dust_gold":2,"tfc:seeds/jute":4,"tfc:large_soaked_hide":5,"tfc:raw_sandstone/yellow":1,"tfc:food/green_bean":28,"animaltrap:twine":5,"tfc:rock/loose/shale":94,"tfcorewashing:rocky_chunks_copper":21,"tfc:wood/twig/chestnut":11,"firstaid:bandage":1,"tfc:wood/stripped_log/birch":14,"dttfc:oak_seed":6,"waterstrainer:string_mesh":4,"tfc:ceramic/sword_blade_mold":2,"tfc:stone/shovel/metamorphic":9,"tfc:ceramic/unfired_bowl":8,"farmersdelight:tatami":4,"tfcorewashing:sphalerite_powder":1,"tfcorewashing:briquet_copper":9,"tfc:rock/raw/diorite":8,"tfc:plant/field_horsetail":3,"tfcorewashing:pile_red_sand":9,"minecraft:rabbit_hide":1,"tfc:plant/bromegrass":2,"tfc:wood/log/oak":11,"tfc:metal/chisel/copper":1,"tfc:metal/axe/copper":2,"tfc:wood/log/birch":28,"tfcorewashing:pellet_copper":5,"tfc:stone/hammer_head/metamorphic":1,"tfc:ore/small_native_copper":1,"tfcorewashing:rocky_chunks_sphalerite":11,"tfc:wood/stripped_log/maple":89,"tfc:handstone":1,"tfc:wood/support/oak":22,"minecraft:spider_eye":2,"tfcorewashing:dirty_pile_gold":1,"tfc:stone/axe/metamorphic":5,"tfc:wood/fallen_leaves/chestnut":19,"tfc:stone/javelin/sedimentary":1,"tfc:stone/axe/igneous_intrusive":1,"tfc:food/potato":56,"tfc:ceramic/ingot_mold":36,"firmalife:beehive":4,"tfc:stone/hoe_head/metamorphic":1,"tfcorewashing:dirty_pile_copper":5,"tfc:pumpkin":11,"mcw_tfc_aio:fences/other_fences/hedge":2,"tfc:rock/loose/dolomite":6,"woodenhopper:wooden_hopper":2,"tfc:ceramic/chisel_head_mold":1,"tfc:ceramic/unfired_large_vessel":4},"minecraft:custom":{"minecraft:interact_with_crafting_table":80,"minecraft:leave_game":7,"minecraft:time_since_death":10471,"minecraft:sprint_one_cm":1286168,"minecraft:drop":357,"minecraft:play_time":841023,"minecraft:deaths":12,"minecraft:jump":7125,"minecraft:walk_on_water_one_cm":88272,"minecraft:sleep_in_bed":3,"minecraft:waystone_activated":2,"minecraft:damage_dealt":1726,"minecraft:player_kills":2,"minecraft:crouch_one_cm":335172,"minecraft:mob_kills":12,"minecraft:inspect_hopper":6,"minecraft:climb_one_cm":1624,"minecraft:walk_one_cm":1750033,"minecraft:sneak_time":94875,"minecraft:walk_under_water_one_cm":3520,"minecraft:total_world_time":841023,"minecraft:time_since_rest":10494,"minecraft:damage_taken":2606,"minecraft:swim_one_cm":214,"minecraft:fly_one_cm":1335255,"minecraft:open_chest":600,"minecraft:fall_one_cm":133534},"minecraft:killed":{"minecraft:spider":1,"tfc:quail":1,"untamedwilds:tarantula":3,"tfc:rabbit":2,"hordes:zombie_player":2,"untamedwilds:big_cat":3},"minecraft:killed_by":{"untamedwilds:big_cat":6}},"DataVersion":2975}