{"stats":{"minecraft:broken":{"tfc:stone/shovel/metamorphic":5,"tfc:stone/knife/metamorphic":3,"tfc:stone/axe/sedimentary":6,"tfc:firestarter":1,"tfc:stone/hoe/metamorphic":3,"tfc:stone/shovel/sedimentary":2,"tfc:stone/axe/metamorphic":7},"minecraft:used":{"tfc:rock/gravel/slate":22,"tfc:wood/sluice/chestnut":2,"tfc:quern":2,"tfc:plant/dandelion":7,"tfc:stone/axe/sedimentary":33,"woodenhopper:wooden_hopper":6,"minecraft:rotten_flesh":1,"exnihilosequentia:birch_sieve":1,"tfc:wood/support/maple":1,"firmalife:beehive":1,"animaltrap:empty":9,"tfc:rock/loose/shale":10,"tfc:seeds/wheat":3,"tfc:pan/filled":38,"tfc:plant/sword_fern":1,"tfc:wood/twig/chestnut":2,"tfc:wood/leaves/chestnut":127,"tfc:seeds/jute":2,"tfc:dead_torch":6,"farmersdelight:pumpkin_slice":21,"tfc:stone/javelin/metamorphic":36,"farmersdelight:tatami":14,"tfc:wood/chest/chestnut":7,"tfc:stone/axe/metamorphic":27,"tfc:rock/gravel/shale":16,"waystones:waystone":1,"tfc:wood/barrel/chestnut":3,"tfc:seeds/pumpkin":3,"tfc:seeds/tomato":3,"tfc:pan/empty":76,"tfc:rock/loose/slate":5,"tfc:torch":81,"tfc:firestarter":43,"exnihilosequentia:silkworm":2,"minecraft:air":40,"tfc:wood/planks/chestnut_slab":1,"tfc:wood/leaves/oak":20,"tfc:rock/cobble/shale":23,"tfc:food/cooked_rabbit":3,"tfc:food/tomato":1,"minecraft:stick":1,"tfc:stone/shovel/sedimentary":103,"tfc:wood/planks/chestnut_workbench":1,"minecraft:feather":3,"tfc:wood/stripped_log/birch":1,"exnihilosequentia:wooden_crook":152,"tfc:food/vegetables_soup":12,"dttfc:maple_seed":6,"tfc:stone/hoe/metamorphic":221,"dttfc:chestnut_seed":6,"tfc:seeds/potato":14,"minecraft:baked_potato":17,"tfc:stone/shovel/metamorphic":286,"tfc:food/green_bean":2,"animaltrap:small_animals_bait":1,"htm:flint_shears":166,"tfc:stone/knife/metamorphic":153,"tfc:food/grain_soup":4,"tfc:plant/houstonia":19,"dttfc:birch_seed":2,"tfc:dirt/silty_loam":40,"tfc:food/rabbit":1,"tfc:metal/pickaxe/copper":38,"tfc:ceramic/large_vessel":2,"dttfc:oak_seed":1,"tfc:food/potato":1,"tfc:wood/sluice/maple":8,"tfc:food/quail":1,"tfc:plant/bromegrass":2},"minecraft:crafted":{"htm:flint_shears":2,"tfc:stone/axe/sedimentary":6,"exnihilosequentia:birch_sieve":1,"tfc:metal/chisel/copper":1,"farmersdelight:canvas":33,"tfcorewashing:pellet_copper":7,"htm:plant_string":35,"tfc:rock/smooth/shale":2,"tfcorewashing:briquet_copper":1,"tfc:handstone":1,"tfc:thatch":1,"htm:flint_sharped":2,"mcw_tfc_aio:fences/other_fences/hedge":4,"tfc:wood/chest/chestnut":10,"firmalife:beehive_frame":7,"woodenhopper:wooden_hopper":4,"tfcorewashing:rocky_chunks_copper":26,"tfc:quern":1,"animaltrap:small_animals_bait":10,"farmersdelight:tatami":12,"kubejs:andesite_rock_powder":21,"tfc:metal/chisel_head/copper":1,"tfc:food/rabbit":4,"minecraft:stick":10,"tfc:stone/shovel/metamorphic":5,"tfc:rock/cobble/shale":10,"tfc:wood/sluice/chestnut":1,"animaltrap:twine":12,"tfc:stone/hammer/metamorphic":1,"tfc:wooden_bucket":1,"tfc:stone/knife/metamorphic":4,"tfc:wood/barrel/chestnut":2,"firmalife:beehive":1,"animaltrap:empty":8,"tfc:sand/red":7,"htm:flint_scrap":4,"tfc:wood/planks/maple":2,"waterstrainer:string_mesh":10,"tfc:wood/planks/chestnut_slab":6,"tfc:wood/planks/chestnut_workbench":1,"tfc:food/quail":1,"tfc:sand/black":1,"exnihilosequentia:wooden_crook":1,"tfc:dead_torch":6,"tfc:stone/shovel/sedimentary":3,"tfc:stone/hoe/metamorphic":5,"tfc:stone/javelin/metamorphic":2,"tfc:wood/planks/chestnut":9,"tfc:wood/lumber/maple":28,"tfc:wood/sluice/maple":2,"tfcorewashing:dirty_dust_copper":4,"tfc:firestarter":4,"tfc:metal/saw_blade/copper":1,"tfc:metal/pickaxe/copper":1,"tfc:metal/pickaxe_head/copper":1,"tfc:powder/flux":10,"tfc:stone/axe/metamorphic":7,"minecraft:clay":32,"tfc:wood/lumber/chestnut":226,"exnihilosequentia:string_mesh":1,"tfc:metal/saw/copper":1},"minecraft:mined":{"tfc:plant/houstonia":21,"tfc:grass/silty_loam":180,"animaltrap:small_animals_bait":1,"dttfc:oak_leaves":44,"tfc:groundcover/stick":3,"tfc:wild_crop/potato":9,"tfc:wood/chest/chestnut":1,"tfc:plant/trillium":7,"tfc:plant/switchgrass":74,"tfc:wood/leaves/oak":13,"tfc:pumpkin":6,"tfc:clay_grass/silty_loam":31,"animaltrap:bait":1,"tfc:wood/sluice/maple":6,"tfc:wild_crop/pumpkin":3,"tfc:plant/lady_fern":2,"tfc:wood/planks/chestnut_slab":1,"tfc:plant/scutch_grass":53,"tfc:plant/dandelion":7,"tfc:rock/raw/shale":14,"tfc:plant/ivy":1,"tfc:plant/arrowhead":10,"tfc:plant/sword_fern":2,"tfc:clay/silty_loam":19,"tfc:rock/cobble/slate":2,"tfc:rock/loose/slate":4,"tfc:log_pile":2,"tfc:wild_crop/tomato":2,"tfc:plant/ostrich_fern":10,"exnihilosequentia:infested_leaves":28,"tfc:wood/sluice/chestnut":1,"tfc:rock/loose/shale":12,"tfc:plant/tall_fescue_grass":58,"tfc:dirt/silty_loam":86,"dttfc:oak_undergrowth_leaves":5,"tfc:rock/cobble/shale":14,"tfc:charcoal_pile":51,"tfc:plant/bromegrass":90,"tfc:wood/twig/maple":1,"tfc:plant/timothy_grass":20,"tfc:rock/gravel/shale":29,"myrtrees:wooden_bucket":1,"dttfc:chestnut_undergrowth_leaves":141,"tfc:plant/field_horsetail":3,"dttfc:maple_sapling":1,"woodenhopper:wooden_hopper":1,"tfc:wood/leaves/chestnut":92,"tfc:plant/ryegrass":2,"tfc:plant/athyrium_fern":9,"tfc:placed_item":181,"tfc:torch":13,"tfc:wood/fallen_leaves/maple":2,"tfc:wood/fallen_leaves/chestnut":10,"tfc:crop/potato":1,"tfc:plant/moss":4,"tfc:wood/twig/chestnut":8,"farmersdelight:tatami":2,"tfc:plant/snowberry_bush":4},"minecraft:dropped":{"minecraft:clay":32,"tfc:seeds/jute":2,"minecraft:baked_potato":1,"farmersdelight:pumpkin_slice":6,"tfc:rock/loose/shale":4,"tfcorewashing:dirty_pile_copper":3,"tfc:stone/hoe_head/metamorphic":2,"tfc:stone/hoe/metamorphic":1,"ftbquests:book":1,"tfc:wood/log/maple":24,"minecraft:bone":1,"patchouli:guide_book":2,"tfc:plant/ostrich_fern":3,"tfc:plant/field_horsetail":3,"tfc:ceramic/jug":1,"tfc:rock/loose/andesite":7,"tfc:seeds/wheat":3,"tfc:rock/loose/slate":12,"tfc:wood/fallen_leaves/chestnut":4,"kubejs:andesite_rock_powder":21,"tfc:straw":10,"tfc:wood/twig/chestnut":2,"minecraft:feather":5,"tfc:stone/knife/metamorphic":1,"tfc:rock/cobble/slate":3,"tfc:sand/black":1,"tfcorewashing:dirty_dust_copper":30,"tfcorewashing:chunks_copper":2,"minecraft:stick":76,"tfc:thatch":1,"tfcorewashing:copper_powder":8,"tfc:stone/shovel/sedimentary":1,"waterstrainer:worm":1,"tfc:rock/loose/dolomite":1,"minecraft:clay_ball":13,"tfc:dirt/silty_loam":33,"tfc:plant/houstonia":1,"tfc:rock/gravel/shale":10,"tfc:torch":389,"tfc:stone/javelin/metamorphic":1,"tfc:sand/red":7,"tfc:wood/stripped_log/chestnut":1,"tfcorewashing:rocky_chunks_copper":47,"tfc:plant/lady_fern":2},"minecraft:picked_up":{"tfc:food/tomato":6,"tfc:wood/fallen_leaves/maple":3,"dttfc:maple_seed":27,"tfc:seeds/pumpkin":6,"tfc:ceramic/pickaxe_head_mold":6,"tfc:pan/empty":2,"minecraft:string":47,"tfc:rock/gravel/shale":27,"animaltrap:small_animals_bait":20,"minecraft:gold_nugget":14,"tfc:ceramic/saw_blade_mold":3,"tfc:ceramic/large_vessel":2,"minecraft:stick":478,"tfc:thatch":1,"minecraft:rabbit_foot":2,"tfc:plant/houstonia":22,"tfc:plant/trillium":3,"exnihilosequentia:wooden_crook":9,"farmersdelight:canvas":2,"tfc:plant/lady_fern":2,"tfc:wood/log/maple":82,"tfc:ceramic/bowl":2,"minecraft:rotten_flesh":4,"dttfc:chestnut_seed":75,"tfc:wood/support/maple":16,"tfc:wood/stripped_log/chestnut":196,"farmersdelight:tree_bark":217,"tfc:wood/chest/chestnut":1,"tfc:torch":406,"tfc:wood/leaves/oak":38,"tfc:rock/cobble/shale":14,"waterstrainer:worm":1,"tfc:wood/support/chestnut":111,"minecraft:feather":31,"tfcorewashing:chunks_copper":5,"tfc:rock/cobble/slate":3,"tfc:quern":1,"tfc:seeds/wheat":7,"minecraft:flint":44,"minecraft:bone":19,"tfc:wood/log/chestnut":198,"tfc:wood/planks/chestnut_slab":1,"farmersdelight:pumpkin_slice":30,"tfc:metal/pickaxe_head/copper":1,"tfc:plant/sword_fern":1,"tfc:seeds/potato":21,"tfc:wood/sluice/chestnut":1,"animaltrap:empty":1,"firstaid:plaster":10,"tfc:seeds/melon":1,"patchouli:guide_book":1,"myrtrees:wooden_bucket":1,"tfc:stone/axe/sedimentary":1,"tfc:ceramic/vessel":7,"tfc:firestarter":3,"tfc:wood/leaves/chestnut":127,"exnihilosequentia:silkworm":40,"tfc:plant/athyrium_fern":9,"tfc:rock/loose/slate":71,"tfc:stone/knife/metamorphic":4,"tfc:ceramic/axe_head_mold":3,"minecraft:charcoal":51,"minecraft:clay_ball":200,"tfc:seeds/tomato":4,"tfc:rock/raw/shale":7,"create_hc:gear_small":4,"animaltrap:quail_carcass":1,"tfc:rock/loose/andesite":9,"tfc:straw":252,"tfc:ceramic/jug":3,"tfc:rock/gravel/slate":22,"tfc:plant/arrowhead":5,"butchersdelight:deadrabbitbrown":3,"tfc:dirt/silty_loam":305,"tfc:powder/wood_ash":1,"tfc:metal/pickaxe/copper":1,"tfcorewashing:copper_powder":89,"tfc:plant/dandelion":7,"tfc:wood/sluice/maple":6,"tfc:plant/ostrich_fern":3,"dttfc:birch_seed":10,"tfc:stone/shovel/sedimentary":2,"tfc:stone/hoe/metamorphic":7,"tfc:ceramic/pot":1,"animaltrap:twine":5,"tfc:seeds/jute":4,"pneumaticcraft:bandage":10,"tfc:food/green_bean":7,"tfcorewashing:rocky_chunks_copper":21,"tfc:rock/loose/shale":68,"tfc:wood/twig/chestnut":6,"firstaid:bandage":1,"tfc:wood/stripped_log/birch":14,"dttfc:oak_seed":1,"waterstrainer:string_mesh":1,"tfc:stone/shovel/metamorphic":2,"tfc:ceramic/unfired_bowl":6,"farmersdelight:tatami":2,"tfcorewashing:briquet_copper":1,"tfc:plant/field_horsetail":3,"tfcorewashing:pile_red_sand":9,"minecraft:rabbit_hide":1,"tfc:plant/bromegrass":2,"tfc:metal/chisel/copper":1,"tfc:wood/log/birch":28,"tfcorewashing:pellet_copper":1,"tfc:ore/small_native_copper":1,"tfc:wood/stripped_log/maple":26,"tfc:handstone":1,"minecraft:spider_eye":2,"tfc:stone/axe/metamorphic":4,"tfc:wood/fallen_leaves/chestnut":15,"tfc:food/potato":41,"tfc:ceramic/ingot_mold":3,"tfc:stone/hoe_head/metamorphic":1,"tfcorewashing:dirty_pile_copper":5,"tfc:pumpkin":6,"tfc:rock/loose/dolomite":2,"woodenhopper:wooden_hopper":2,"tfc:ceramic/chisel_head_mold":1,"tfc:ceramic/unfired_large_vessel":4},"minecraft:custom":{"minecraft:interact_with_crafting_table":47,"minecraft:leave_game":5,"minecraft:time_since_death":1666,"minecraft:sprint_one_cm":566628,"minecraft:drop":114,"minecraft:play_time":391928,"minecraft:deaths":3,"minecraft:jump":2894,"minecraft:walk_on_water_one_cm":50349,"minecraft:waystone_activated":2,"minecraft:damage_dealt":656,"minecraft:player_kills":2,"minecraft:crouch_one_cm":183761,"minecraft:mob_kills":5,"minecraft:inspect_hopper":3,"minecraft:climb_one_cm":498,"minecraft:walk_one_cm":953588,"minecraft:sneak_time":55541,"minecraft:walk_under_water_one_cm":1881,"minecraft:total_world_time":391928,"minecraft:time_since_rest":1694,"minecraft:damage_taken":754,"minecraft:fly_one_cm":521694,"minecraft:open_chest":206,"minecraft:fall_one_cm":46546},"minecraft:killed":{"minecraft:spider":1,"tfc:quail":1,"tfc:rabbit":1,"hordes:zombie_player":2},"minecraft:killed_by":{"untamedwilds:big_cat":1}},"DataVersion":2975}