{"stats":{"minecraft:broken":{"tfc:stone/shovel/metamorphic":11,"tfc:stone/hammer/metamorphic":1,"tfc:stone/knife/metamorphic":7,"tfc:stone/hoe/sedimentary":3,"exnihilosequentia:wooden_crook":1,"tfc:stone/axe/sedimentary":6,"tfc:stone/axe/igneous_intrusive":2,"tfc:stone/hammer/igneous_intrusive":1,"htm:flint_shears":3,"tfc:firestarter":3,"tfc:stone/hoe/metamorphic":6,"tfc:stone/shovel/igneous_intrusive":1,"tfc:stone/shovel/sedimentary":5,"tfc:stone/axe/metamorphic":9},"minecraft:used":{"tfc:food/carrot":4,"tfc:plant/trillium":2,"tfc:rock/gravel/slate":22,"tfc:wood/sluice/chestnut":2,"tfc:quern":2,"tfc:plant/dandelion":45,"tfc:stone/shovel/igneous_intrusive":100,"tfc:stone/axe/sedimentary":33,"woodenhopper:wooden_hopper":6,"minecraft:rotten_flesh":1,"tfc:wood/leaves/maple":107,"tfc:stone/hoe/sedimentary":166,"exnihilosequentia:birch_sieve":1,"tfc:wood/support/maple":1,"firmalife:beehive":6,"tfc:wood/barrel/maple":1,"tfc:plant/athyrium_fern":1,"tfc:stone/hammer/metamorphic":4,"tfc:plant/moss":1,"tfc:rock/loose/shale":25,"animaltrap:empty":9,"tfc:seeds/wheat":7,"tfc:wood/log/chestnut":3,"tfc:pan/filled":38,"tfc:plant/sword_fern":1,"tfc:wood/twig/chestnut":10,"tfc:wood/leaves/chestnut":197,"tfc:sand/yellow":2,"tfc:seeds/jute":4,"tfc:dead_torch":6,"tfc:stone/javelin/metamorphic":60,"farmersdelight:pumpkin_slice":41,"farmersdelight:organic_compost":70,"tfc:seeds/melon":1,"farmersdelight:tatami":16,"tfc:wood/stripped_log/maple":1,"tfc:pumpkin":1,"tfc:stone/axe/metamorphic":45,"tfc:wood/chest/chestnut":9,"tfc:rock/gravel/shale":16,"waystones:waystone":1,"tfc:wood/planks/maple_loom":1,"tfc:wood/barrel/chestnut":8,"minecraft:string":9,"tfc:seeds/pumpkin":10,"tfc:seeds/tomato":7,"tfc:pan/empty":76,"tfc:rock/loose/slate":5,"tfc:torch":286,"tfc:firestarter":92,"exnihilosequentia:silkworm":2,"tfc:food/wheat":1,"minecraft:air":43,"tfc:food/oat":1,"tfc:wood/planks/chestnut_slab":3,"tfc:wood/leaves/oak":75,"tfc:rock/cobble/shale":26,"tfc:metal/axe/copper":12,"minecraft:stick":5,"tfc:food/cooked_rabbit":5,"tfc:food/tomato":6,"tfc:stone/shovel/sedimentary":251,"tfc:rock/raw/shale":1,"tfc:metal/javelin/copper":2,"tfc:food/vegetables_salad":6,"tfc:food/wheat_grain":1,"tfc:seeds/carrot":3,"tfc:wood/planks/chestnut_workbench":1,"minecraft:feather":3,"tfc:wood/stripped_log/birch":1,"tfc:rock/cobble/slate_slab":2,"exnihilosequentia:wooden_crook":361,"tfc:food/vegetables_soup":18,"tfc:rock/cobble/andesite":2,"dttfc:maple_seed":7,"tfc:raw_sandstone/yellow":1,"comforts:sleeping_bag_white":4,"tfc:wood/planks/chestnut_loom":1,"tfc:sand/brown":2,"tfc:stone/hoe/metamorphic":384,"tfc:stone/knife/igneous_intrusive":3,"tfc:plant/lady_fern":1,"tfc:metal/propick/copper":14,"dttfc:chestnut_seed":7,"tfc:seeds/potato":23,"waterstrainer:strainer_base":1,"tfc:seeds/sugarcane":1,"tfc:seeds/green_bean":8,"minecraft:baked_potato":32,"tfc:food/cattail_root":1,"tfc:food/green_bean":21,"tfc:stone/shovel/metamorphic":600,"animaltrap:small_animals_bait":1,"tfc:rock/cobble/slate":1,"htm:flint_shears":423,"tfc:stone/knife/metamorphic":231,"tfc:food/grain_soup":4,"minecraft:crafting_table":1,"tfc:plant/houstonia":57,"minecraft:spider_eye":1,"dttfc:birch_seed":2,"tfc:stone/axe/igneous_intrusive":4,"tfc:dirt/silty_loam":44,"tfc:food/rabbit":1,"tfc:metal/pickaxe/copper":94,"tfc:ceramic/large_vessel":3,"dttfc:oak_seed":6,"tfc:food/potato":1,"tfc:stone/javelin/sedimentary":16,"tfc:food/quail":1,"tfc:wood/sluice/maple":8,"firmalife:mixing_bowl":2,"tfc:seeds/oat":1,"tfc:rock/raw/diorite":2,"tfc:plant/bromegrass":2},"minecraft:crafted":{"htm:flint_shears":6,"tfc:stone/axe/sedimentary":6,"exnihilosequentia:birch_sieve":1,"chiselsandbits:bit_bag":1,"tfcorewashing:dirty_dust_sphalerite":2,"tfc:metal/chisel/copper":1,"farmersdelight:canvas":33,"tfcorewashing:pellet_copper":22,"tfcorewashing:dirty_dust_limonite":1,"kubejs:medical_white_powder":4,"htm:plant_string":44,"tfc:rock/cobble/slate_slab":6,"tfc:metal/hammer_head/copper":1,"tfc:stone/hoe/sedimentary":4,"tfc:rock/smooth/shale":2,"tfc:metal/javelin/copper":1,"tfcorewashing:briquet_copper":4,"tfc:handstone":1,"tfc:thatch":3,"tfc:stone/shovel/igneous_intrusive":2,"htm:flint_sharped":6,"mcw_tfc_aio:fences/other_fences/hedge":12,"tfc:wood/chest/chestnut":12,"kubejs:cut_cattail":15,"tfc:wood/lumber/oak":44,"firmalife:spoon":1,"tfc:wood/planks/maple_loom":1,"tfc:stone/hammer/igneous_intrusive":2,"firmalife:beehive_frame":18,"woodenhopper:wooden_hopper":5,"tfc:rock/cobble/andesite":1,"minecraft:crafting_table":1,"tfcorewashing:rocky_chunks_copper":26,"tfc:quern":1,"animaltrap:small_animals_bait":10,"tfcorewashing:rocky_chunks_sphalerite":14,"farmersdelight:organic_compost":69,"farmersdelight:tatami":12,"kubejs:andesite_rock_powder":67,"tfc:metal/chisel_head/copper":1,"waterstrainer:strainer_base":1,"tfc:food/rabbit":6,"minecraft:stick":10,"tfc:stone/shovel/metamorphic":10,"tfc:metal/ingot/copper":3,"tfc:rock/cobble/shale":10,"tfc:wood/sluice/chestnut":1,"animaltrap:twine":12,"tfc:stone/hammer/metamorphic":2,"tfc:wooden_bucket":1,"tfc:stone/javelin/sedimentary":2,"tfc:stone/knife/metamorphic":11,"tfc:metal/axe_head/copper":1,"minecraft:azure_bluet":4,"tfc:wood/barrel/chestnut":2,"tfcorewashing:rocky_chunks_bismuthinite":14,"firmalife:beehive":3,"tfc:rock/loose/slate":4,"comforts:sleeping_bag_white":1,"firmalife:treated_lumber":8,"tfc:metal/hammer/copper":1,"tfc:wood/planks/chestnut_loom":1,"animaltrap:empty":8,"tfc:sand/red":7,"kubejs:primitive_glass_pane":16,"waterstrainer:strainer_survivalist":2,"htm:flint_scrap":12,"tfc:wood/planks/maple":2,"tfc:stone/axe/igneous_intrusive":3,"waterstrainer:string_mesh":23,"tfc:metal/javelin_head/copper":1,"tfc:sand/green":3,"tfc:wood/planks/chestnut_slab":6,"tfc:wood/planks/chestnut_workbench":1,"tfc:wood/barrel/maple":1,"tfc:food/quail":1,"tfc:sand/black":6,"exnihilosequentia:wooden_crook":2,"kubejs:tree_seed_paste":19,"tfcorewashing:pellet_bismuthinite":2,"tfc:dead_torch":6,"tfc:stone/shovel/sedimentary":5,"tfc:stone/hoe/metamorphic":7,"tfc:rock/cobble/slate":10,"tfcambiental:straw_hat":1,"tfc:stone/javelin/metamorphic":2,"tfc:metal/propick_head/copper":1,"tfc:metal/axe/copper":1,"tfcorewashing:rocky_chunks_limonite":12,"tfc:metal/propick/copper":1,"tfc:wood/chest/oak":2,"tfc:wood/planks/chestnut":17,"tfc:wood/lumber/maple":92,"tfcorewashing:rocky_chunks_silver":12,"tfc:wood/sluice/maple":2,"tfcorewashing:dirty_dust_copper":5,"tfc:firestarter":7,"tfc:sand/yellow":3,"tfc:food/wheat_grain":2,"firmalife:mixing_bowl":1,"tfc:metal/saw_blade/copper":1,"tfc:metal/pickaxe_head/copper":1,"tfcorewashing:rocky_chunks_gold":6,"tfc:metal/pickaxe/copper":1,"tfc:powder/flux":26,"tfc:stone/axe/metamorphic":8,"kubejs:medical_green_powder":36,"tfc:stick_bunch":10,"minecraft:clay":32,"tfc:wood/lumber/chestnut":310,"exnihilosequentia:string_mesh":1,"tfc:stone/knife/igneous_intrusive":2,"tfc:metal/saw/copper":1},"minecraft:mined":{"farmersdelight:rich_soil":23,"tfc:plant/houstonia":59,"tfc:plant/coontail":2,"tfc:wild_crop/carrot":2,"tfc:grass/silty_loam":188,"tfc:raw_sandstone/yellow":1,"animaltrap:small_animals_bait":1,"firmalife:plant/vanilla":1,"tfc:wall_torch":7,"tfc:rock/raw/slate":17,"tfc:sand/brown":210,"tfc:sand/yellow":81,"dttfc:oak_leaves":81,"tfc:groundcover/stick":9,"tfc:wild_crop/potato":9,"minecraft:fire":4,"tfc:wood/chest/chestnut":1,"tfc:plant/cattail":5,"tfc:crop/tomato":1,"tfc:plant/switchgrass":115,"tfc:plant/trillium":10,"tfc:wood/leaves/oak":13,"tfc:pumpkin":12,"tfc:clay_grass/silty_loam":97,"minecraft:tripwire":7,"animaltrap:bait":1,"tfc:wood/sluice/maple":6,"tfc:crop/oat":1,"farmersdelight:organic_compost":1,"tfc:wild_crop/pumpkin":8,"tfc:pit_kiln":1,"tfc:plant/lady_fern":6,"tfc:dead_torch":2,"tfc:wood/planks/chestnut_slab":2,"tfc:scraping":12,"tfc:rock/raw/shale":15,"tfc:plant/scutch_grass":84,"tfc:plant/arrowhead":23,"tfc:plant/ivy":1,"tfc:plant/dandelion":45,"tfc:plant/sword_fern":3,"tfc:clay/silty_loam":61,"tfc:rock/loose/slate":4,"tfc:rock/cobble/slate":6,"tfc:wood/planks/chestnut_workbench":1,"tfc:log_pile":2,"tfc:wild_crop/tomato":8,"firmalife:mixing_bowl":1,"tfc:ceramic/large_vessel":1,"create_hc:gear_small":1,"tfc:rock/cobble/slate_slab":2,"tfc:rock/anvil/diorite":1,"exnihilosequentia:infested_leaves":236,"tfc:plant/ostrich_fern":13,"tfc:wood/stripped_log/maple":1,"tfc:rock/loose/shale":16,"tfc:wood/sluice/chestnut":1,"tfc:plant/tall_fescue_grass":147,"firmalife:beehive":3,"tfc:dirt/silty_loam":91,"dttfc:oak_undergrowth_leaves":5,"tfc:rock/cobble/shale":17,"tfc:charcoal_pile":51,"tfc:wild_crop/green_bean":9,"tfc:plant/bromegrass":139,"tfc:wood/twig/maple":2,"tfc:plant/timothy_grass":26,"tfc:wood/barrel/chestnut":3,"tfc:rock/gravel/shale":29,"tfc:ore/small_bismuthinite":1,"myrtrees:wooden_bucket":1,"tfc:sand/white":128,"dttfc:chestnut_undergrowth_leaves":183,"tfc:crop/jute":2,"tfc:plant/field_horsetail":3,"dttfc:maple_sapling":1,"tfc:crop/wheat":3,"dttfc:maple_leaves":105,"dttfc:chestnut_leaves":37,"woodenhopper:wooden_hopper":1,"tfc:wood/leaves/chestnut":92,"tfc:plant/ryegrass":29,"tfc:rock/cobble/andesite":2,"tfc:plant/athyrium_fern":12,"dttfc:maple_undergrowth_leaves":41,"tfc:placed_item":249,"tfc:torch":19,"tfc:wood/fallen_leaves/maple":3,"tfc:wood/fallen_leaves/chestnut":12,"untamedwilds:block_burrow":2,"tfc:crop/potato":10,"tfc:rock/raw/diorite":14,"tfc:plant/moss":5,"tfc:wood/twig/chestnut":11,"farmersdelight:tatami":4,"tfc:plant/snowberry_bush":4},"minecraft:dropped":{"minecraft:clay":32,"tfc:seeds/jute":2,"minecraft:baked_potato":1,"farmersdelight:pumpkin_slice":6,"tfc:metal/pickaxe/copper":1,"tfc:rock/loose/shale":4,"tfcorewashing:dirty_pile_gold":1,"tfcorewashing:dirty_pile_copper":3,"dttfc:birch_seed":8,"waterstrainer:strainer_base":1,"tfc:sand/yellow":82,"tfc:stone/hoe_head/metamorphic":2,"tfcorewashing:pile_green_sand":7,"tfcorewashing:dirty_pile_limonite":3,"tfcorewashing:rocky_chunks_silver":16,"minecraft:gold_nugget":4,"tfcorewashing:dirty_pile_sphalerite":5,"tfcorewashing:rocky_chunks_bismuthinite":16,"tfc:stone/hoe/metamorphic":2,"ftbquests:book":1,"tfcorewashing:dirty_dust_sphalerite":16,"tfcorewashing:briquet_copper":6,"tfc:wood/log/maple":24,"minecraft:bone":13,"tfc:wooden_bucket":2,"tfcorewashing:pile_black_sand":5,"tfcorewashing:dirty_pile_bismuthinite":1,"exnihilosequentia:silkworm":15,"tfc:plant/sword_fern":1,"tfcorewashing:dirty_pile_silver":3,"tfc:stone/axe/igneous_intrusive":2,"patchouli:guide_book":2,"tfc:plant/ostrich_fern":6,"tfc:rock/loose/diorite":69,"tfc:food/carrot":8,"minecraft:charcoal":7,"tfc:plant/field_horsetail":3,"tfc:ceramic/jug":3,"tfcorewashing:rocky_chunks_sphalerite":25,"tfc:stone/hammer/metamorphic":1,"tfc:rock/loose/andesite":21,"tfc:seeds/wheat":3,"tfc:rock/loose/slate":34,"tfcorewashing:pile_yellow_sand":3,"tfc:stone/axe/metamorphic":1,"tfc:wood/fallen_leaves/chestnut":4,"kubejs:andesite_rock_powder":77,"tfcorewashing:sphalerite_powder":1,"tfcorewashing:rocky_chunks_limonite":12,"dttfc:chestnut_seed":13,"tfcorewashing:rocky_chunks_gold":6,"tfc:straw":120,"tfc:powder/amethyst":1,"tfc:wood/twig/chestnut":2,"minecraft:feather":5,"tfc:stone/knife/metamorphic":3,"tfc:rock/cobble/slate":4,"tfc:sand/black":6,"tfc:sand/white":134,"tfcorewashing:dirty_dust_gold":6,"tfcorewashing:dirty_dust_copper":31,"tfcorewashing:chunks_copper":2,"minecraft:stick":131,"tfcorewashing:dirty_dust_limonite":14,"tfc:seeds/melon":1,"waterstrainer:string_mesh":1,"tfc:food/wheat":3,"firmalife:beehive_frame":18,"tfc:thatch":1,"tfcorewashing:copper_powder":8,"farmersdelight:rich_soil":1,"minecraft:string":26,"tfc:stone/shovel/sedimentary":1,"tfcorewashing:pellet_copper":2,"waterstrainer:worm":1,"tfc:plant/trillium":2,"tfc:rock/loose/dolomite":4,"tfc:sand/green":3,"minecraft:clay_ball":38,"tfc:seeds/sugarcane":1,"tfc:ceramic/ingot_mold":10,"tfc:dirt/silty_loam":67,"tfc:plant/houstonia":1,"tfcorewashing:dirty_dust_bismuthinite":14,"tfc:rock/gravel/shale":10,"tfc:sand/brown":189,"tfc:torch":991,"tfc:silk_cloth":1,"tfc:stone/javelin/metamorphic":1,"untamedwilds:hide_bigcat_puma":4,"tfc:sand/red":7,"tfc:wood/stripped_log/maple":16,"tfc:wood/stripped_log/chestnut":34,"tfc:plant/lady_fern":2,"tfcorewashing:rocky_chunks_copper":47},"minecraft:picked_up":{"tfc:ceramic/hammer_head_mold":1,"tfcorewashing:pile_green_sand":8,"tfc:food/tomato":18,"tfc:wood/fallen_leaves/maple":5,"dttfc:maple_seed":40,"tfc:seeds/pumpkin":18,"tfc:ceramic/unfired_vessel":1,"tfc:wood/stripped_log/oak":11,"tfc:seeds/carrot":5,"tfc:rock/cobble/andesite":2,"tfc:ceramic/pickaxe_head_mold":6,"tfc:stone/hoe/sedimentary":1,"tfc:pan/empty":3,"tfc:small_raw_hide":4,"minecraft:string":402,"tfcorewashing:pile_black_sand":5,"tfc:ceramic/shovel_head_mold":2,"tfc:wooden_bucket":3,"tfc:rock/gravel/shale":27,"tfc:rock/cobble/slate_slab":2,"animaltrap:small_animals_bait":20,"htm:plant_pulp":4,"minecraft:gold_nugget":14,"tfc:ceramic/saw_blade_mold":3,"comforts:sleeping_bag_white":3,"tfc:stone/javelin/metamorphic":1,"tfc:metal/ingot/copper":2,"tfc:ore/small_bismuthinite":1,"tfc:ceramic/large_vessel":3,"firmalife:beehive_frame":30,"tfcorewashing:dirty_dust_limonite":1,"minecraft:stick":668,"tfcorewashing:dirty_pile_silver":3,"htm:flint_scrap":2,"tfcorewashing:rocky_chunks_bismuthinite":2,"tfc:stone/hammer/igneous_intrusive":1,"tfc:powder/amethyst":1,"tfc:food/wheat":6,"tfcorewashing:dirty_pile_sphalerite":5,"htm:flint_shears":2,"tfcorewashing:dirty_pile_bismuthinite":1,"minecraft:pointed_dripstone":1,"tfc:thatch":1,"tfc:stone/hammer/metamorphic":3,"tfcorewashing:pile_yellow_sand":8,"minecraft:rabbit_foot":2,"tfc:plant/houstonia":62,"tfc:stone/shovel_head/sedimentary":1,"firmalife:mixing_bowl":1,"tfc:plant/trillium":11,"exnihilosequentia:wooden_crook":16,"farmersdelight:canvas":2,"tfc:plant/lady_fern":5,"tfc:wood/log/maple":104,"tfc:ceramic/bowl":4,"dttfc:chestnut_seed":96,"minecraft:rotten_flesh":4,"tfc:wood/support/maple":48,"tfc:wood/stripped_log/chestnut":276,"farmersdelight:tree_bark":322,"tfc:wood/chest/chestnut":1,"tfc:stone/knife_head/metamorphic":1,"tfc:plant/coontail":2,"tfc:torch":1078,"tfc:seeds/green_bean":8,"tfc:sand/white":134,"tfc:wood/leaves/oak":75,"tfc:rock/cobble/shale":17,"waterstrainer:worm":3,"tfc:wood/support/chestnut":153,"tfcorewashing:chunks_sphalerite":1,"minecraft:feather":31,"untamedwilds:hide_bigcat_puma":17,"tfcorewashing:chunks_copper":5,"tfc:rock/cobble/slate":5,"tfc:quern":1,"firmalife:spoon":1,"tfc:seeds/wheat":11,"minecraft:flint":44,"tfc:stone/shovel_head/metamorphic":1,"tfc:ceramic/propick_head_mold":2,"tfc:seeds/oat":1,"tfcambiental:straw_hat":1,"minecraft:bone":51,"tfc:sand/brown":225,"tfc:ceramic/unfired_ingot_mold":4,"tfc:wood/log/chestnut":220,"tfc:silk_cloth":1,"tfc:wood/planks/chestnut_slab":2,"tfcorewashing:dirty_dust_silver":2,"farmersdelight:pumpkin_slice":50,"tfc:metal/pickaxe_head/copper":1,"tfc:food/cattail_root":6,"tfc:large_raw_hide":7,"tfc:plant/sword_fern":2,"kubejs:andesite_rock_powder":10,"tfc:seeds/potato":30,"htm:plant_string":1,"kubejs:chisel_stone_head":1,"tfc:wood/sluice/chestnut":1,"firstaid:plaster":12,"animaltrap:empty":1,"tfc:jute":4,"tfc:seeds/melon":3,"firmalife:oven_bottom":1,"patchouli:guide_book":1,"myrtrees:wooden_bucket":1,"tfc:stone/axe/sedimentary":1,"tfc:sand/yellow":81,"tfc:ceramic/vessel":12,"tfcorewashing:dirty_pile_limonite":3,"tfcorewashing:chunks_gold":1,"tfcorewashing:rocky_chunks_silver":4,"tfc:firestarter":6,"tfc:wood/leaves/chestnut":197,"exnihilosequentia:silkworm":286,"tfc:plant/athyrium_fern":12,"tfc:wood/barrel/chestnut":3,"tfc:rock/loose/slate":94,"waterstrainer:strainer_base":1,"tfc:stone/knife/igneous_intrusive":2,"tfc:stone/knife/metamorphic":9,"minecraft:bone_meal":2,"tfc:ceramic/axe_head_mold":6,"minecraft:charcoal":73,"tfc:large_scraped_hide":4,"tfc:powder/limonite":1,"minecraft:clay_ball":427,"tfc:seeds/tomato":11,"tfc:rock/raw/shale":8,"tfc:wood/twig/maple":1,"create_hc:gear_small":5,"tfcorewashing:gold_powder":1,"tfc:wood/leaves/maple":136,"animaltrap:quail_carcass":1,"tfc:rock/loose/andesite":25,"tfc:straw":595,"tfc:ceramic/jug":6,"tfc:rock/gravel/slate":22,"tfc:food/carrot":12,"tfc:plant/arrowhead":16,"butchersdelight:deadrabbitbrown":5,"tfc:dirt/silty_loam":352,"tfc:powder/wood_ash":9,"tfc:metal/pickaxe/copper":5,"tfcorewashing:copper_powder":89,"tfc:seeds/sugarcane":2,"tfc:plant/dandelion":45,"tfc:wood/sluice/maple":6,"tfc:plant/ostrich_fern":6,"tfc:ceramic/javelin_head_mold":1,"tfc:rock/loose/diorite":136,"tfc:wood/planks/chestnut_workbench":1,"tfc:food/oat":1,"dttfc:birch_seed":18,"tfc:stone/hoe/metamorphic":12,"tfc:stone/shovel/sedimentary":3,"tfc:ceramic/pot":1,"pneumaticcraft:bandage":10,"tfcorewashing:dirty_dust_gold":2,"tfc:seeds/jute":6,"tfc:large_soaked_hide":5,"tfc:raw_sandstone/yellow":1,"tfc:food/green_bean":28,"animaltrap:twine":5,"tfc:rock/loose/shale":96,"tfcorewashing:rocky_chunks_copper":21,"tfc:wood/twig/chestnut":12,"firstaid:bandage":1,"tfc:wood/stripped_log/birch":14,"dttfc:oak_seed":6,"waterstrainer:string_mesh":4,"farmersdelight:rich_soil":24,"tfc:ceramic/sword_blade_mold":2,"tfc:stone/shovel/metamorphic":9,"tfc:ceramic/unfired_bowl":8,"farmersdelight:tatami":4,"tfcorewashing:sphalerite_powder":1,"tfcorewashing:briquet_copper":9,"farmersdelight:organic_compost":1,"tfc:rock/raw/diorite":8,"tfc:plant/field_horsetail":3,"tfcorewashing:pile_red_sand":9,"minecraft:rabbit_hide":1,"tfc:plant/bromegrass":2,"tfc:wood/log/oak":11,"tfc:metal/chisel/copper":1,"tfc:metal/axe/copper":2,"tfc:wood/log/birch":28,"tfcorewashing:pellet_copper":5,"tfc:stone/hammer_head/metamorphic":1,"tfc:ore/small_native_copper":1,"tfcorewashing:rocky_chunks_sphalerite":11,"tfc:wood/stripped_log/maple":89,"tfc:handstone":1,"tfc:wood/support/oak":22,"minecraft:spider_eye":2,"tfcorewashing:dirty_pile_gold":1,"tfc:stone/axe/metamorphic":5,"tfc:wood/fallen_leaves/chestnut":20,"tfc:plant/moss":1,"tfc:stone/javelin/sedimentary":1,"tfc:stone/axe/igneous_intrusive":1,"tfc:food/potato":56,"tfc:ceramic/ingot_mold":37,"firmalife:beehive":4,"tfc:stone/hoe_head/metamorphic":1,"tfcorewashing:dirty_pile_copper":5,"tfc:pumpkin":12,"mcw_tfc_aio:fences/other_fences/hedge":2,"tfc:rock/loose/dolomite":6,"woodenhopper:wooden_hopper":2,"tfc:ceramic/chisel_head_mold":1,"tfc:ceramic/unfired_large_vessel":4},"minecraft:custom":{"minecraft:interact_with_crafting_table":122,"minecraft:leave_game":7,"minecraft:time_since_death":41256,"minecraft:sprint_one_cm":1407437,"minecraft:drop":413,"minecraft:play_time":973023,"minecraft:deaths":13,"minecraft:jump":7679,"minecraft:walk_on_water_one_cm":98534,"minecraft:sleep_in_bed":3,"minecraft:waystone_activated":2,"minecraft:damage_dealt":1726,"minecraft:player_kills":2,"minecraft:crouch_one_cm":376766,"minecraft:mob_kills":12,"minecraft:inspect_hopper":6,"minecraft:climb_one_cm":2117,"minecraft:walk_one_cm":2017117,"minecraft:sneak_time":105403,"minecraft:walk_under_water_one_cm":5048,"minecraft:total_world_time":973023,"minecraft:time_since_rest":41281,"minecraft:damage_taken":2815,"minecraft:swim_one_cm":214,"minecraft:fly_one_cm":1421498,"minecraft:open_chest":723,"minecraft:fall_one_cm":141324},"minecraft:killed":{"minecraft:spider":1,"tfc:quail":1,"untamedwilds:tarantula":3,"tfc:rabbit":2,"hordes:zombie_player":2,"untamedwilds:big_cat":3},"minecraft:killed_by":{"untamedwilds:big_cat":6}},"DataVersion":2975}