{"stats":{"minecraft:broken":{"tfc:stone/shovel/metamorphic":6,"tfc:stone/knife/metamorphic":4,"tfc:stone/axe/sedimentary":6,"tfc:firestarter":2,"tfc:stone/hoe/metamorphic":3,"tfc:stone/shovel/sedimentary":2,"tfc:stone/axe/metamorphic":7},"minecraft:used":{"tfc:plant/trillium":1,"tfc:rock/gravel/slate":22,"tfc:wood/sluice/chestnut":2,"tfc:quern":2,"tfc:plant/dandelion":8,"tfc:stone/axe/sedimentary":33,"woodenhopper:wooden_hopper":6,"minecraft:rotten_flesh":1,"exnihilosequentia:birch_sieve":1,"tfc:wood/support/maple":1,"firmalife:beehive":2,"tfc:plant/athyrium_fern":1,"tfc:stone/hammer/metamorphic":3,"animaltrap:empty":9,"tfc:rock/loose/shale":11,"tfc:seeds/wheat":3,"tfc:wood/log/chestnut":3,"tfc:pan/filled":38,"tfc:wood/twig/chestnut":4,"tfc:plant/sword_fern":1,"tfc:wood/leaves/chestnut":127,"tfc:sand/yellow":1,"tfc:seeds/jute":2,"tfc:dead_torch":6,"farmersdelight:pumpkin_slice":21,"tfc:stone/javelin/metamorphic":59,"tfc:wood/stripped_log/maple":1,"farmersdelight:tatami":14,"tfc:wood/chest/chestnut":7,"tfc:stone/axe/metamorphic":41,"tfc:rock/gravel/shale":16,"waystones:waystone":1,"tfc:wood/barrel/chestnut":3,"tfc:seeds/pumpkin":3,"tfc:seeds/tomato":7,"tfc:pan/empty":76,"tfc:rock/loose/slate":5,"tfc:torch":107,"tfc:firestarter":48,"exnihilosequentia:silkworm":2,"minecraft:air":41,"tfc:wood/planks/chestnut_slab":1,"tfc:wood/leaves/oak":38,"tfc:rock/cobble/shale":26,"tfc:food/cooked_rabbit":3,"tfc:food/tomato":6,"minecraft:stick":2,"tfc:stone/shovel/sedimentary":103,"tfc:rock/raw/shale":1,"tfc:wood/planks/chestnut_workbench":1,"minecraft:feather":3,"tfc:wood/stripped_log/birch":1,"tfc:rock/cobble/andesite":2,"exnihilosequentia:wooden_crook":164,"tfc:food/vegetables_soup":12,"dttfc:maple_seed":6,"tfc:sand/brown":1,"tfc:plant/lady_fern":1,"tfc:stone/hoe/metamorphic":234,"dttfc:chestnut_seed":6,"tfc:seeds/potato":14,"tfc:seeds/green_bean":8,"minecraft:baked_potato":17,"tfc:stone/shovel/metamorphic":322,"tfc:food/green_bean":2,"animaltrap:small_animals_bait":1,"tfc:rock/cobble/slate":1,"htm:flint_shears":166,"tfc:stone/knife/metamorphic":206,"tfc:food/grain_soup":4,"tfc:plant/houstonia":39,"dttfc:birch_seed":2,"tfc:dirt/silty_loam":44,"tfc:food/rabbit":1,"tfc:metal/pickaxe/copper":44,"tfc:ceramic/large_vessel":2,"dttfc:oak_seed":1,"tfc:food/potato":1,"tfc:stone/javelin/sedimentary":4,"tfc:wood/sluice/maple":8,"tfc:food/quail":1,"tfc:plant/bromegrass":2},"minecraft:crafted":{"htm:flint_shears":2,"tfc:stone/axe/sedimentary":6,"exnihilosequentia:birch_sieve":1,"tfc:metal/chisel/copper":1,"farmersdelight:canvas":33,"tfcorewashing:pellet_copper":22,"htm:plant_string":35,"tfc:rock/smooth/shale":2,"tfcorewashing:briquet_copper":4,"tfc:handstone":1,"tfc:thatch":3,"htm:flint_sharped":2,"mcw_tfc_aio:fences/other_fences/hedge":4,"tfc:wood/chest/chestnut":10,"firmalife:beehive_frame":11,"woodenhopper:wooden_hopper":4,"tfc:rock/cobble/andesite":1,"tfcorewashing:rocky_chunks_copper":26,"tfc:quern":1,"animaltrap:small_animals_bait":10,"farmersdelight:tatami":12,"kubejs:andesite_rock_powder":21,"tfc:metal/chisel_head/copper":1,"tfc:food/rabbit":4,"minecraft:stick":10,"tfc:metal/ingot/copper":2,"tfc:stone/shovel/metamorphic":5,"tfc:rock/cobble/shale":10,"tfc:wood/sluice/chestnut":1,"animaltrap:twine":12,"tfc:stone/hammer/metamorphic":2,"tfc:wooden_bucket":1,"tfc:stone/javelin/sedimentary":2,"tfc:stone/knife/metamorphic":6,"tfc:metal/axe_head/copper":1,"tfc:wood/barrel/chestnut":2,"tfcorewashing:rocky_chunks_bismuthinite":10,"firmalife:beehive":2,"tfc:rock/loose/slate":4,"animaltrap:empty":8,"tfc:sand/red":7,"htm:flint_scrap":4,"tfc:wood/planks/maple":2,"waterstrainer:string_mesh":14,"tfc:wood/planks/chestnut_slab":6,"tfc:wood/planks/chestnut_workbench":1,"tfc:food/quail":1,"tfc:sand/black":1,"exnihilosequentia:wooden_crook":1,"tfc:dead_torch":6,"tfc:stone/shovel/sedimentary":3,"tfc:stone/hoe/metamorphic":5,"tfc:rock/cobble/slate":1,"tfc:stone/javelin/metamorphic":2,"tfc:metal/axe/copper":1,"tfc:wood/planks/chestnut":9,"tfc:wood/lumber/maple":44,"tfc:wood/sluice/maple":2,"tfcorewashing:dirty_dust_copper":4,"tfc:firestarter":5,"tfc:metal/saw_blade/copper":1,"tfc:metal/pickaxe/copper":1,"tfc:metal/pickaxe_head/copper":1,"tfc:powder/flux":10,"tfc:stone/axe/metamorphic":8,"kubejs:medical_green_powder":10,"minecraft:clay":32,"tfc:wood/lumber/chestnut":226,"exnihilosequentia:string_mesh":1,"tfc:metal/saw/copper":1},"minecraft:mined":{"tfc:plant/houstonia":41,"tfc:grass/silty_loam":183,"animaltrap:small_animals_bait":1,"tfc:wall_torch":1,"tfc:sand/brown":1,"tfc:sand/yellow":1,"dttfc:oak_leaves":44,"tfc:groundcover/stick":3,"tfc:wild_crop/potato":9,"tfc:wood/chest/chestnut":1,"tfc:crop/tomato":1,"tfc:plant/trillium":8,"tfc:plant/switchgrass":75,"tfc:wood/leaves/oak":13,"tfc:pumpkin":11,"tfc:clay_grass/silty_loam":59,"animaltrap:bait":1,"tfc:wood/sluice/maple":6,"tfc:wild_crop/pumpkin":8,"tfc:plant/lady_fern":4,"tfc:dead_torch":1,"tfc:wood/planks/chestnut_slab":1,"tfc:scraping":4,"tfc:plant/scutch_grass":58,"tfc:plant/dandelion":8,"tfc:rock/raw/shale":14,"tfc:plant/ivy":1,"tfc:plant/arrowhead":10,"tfc:plant/sword_fern":2,"tfc:clay/silty_loam":26,"tfc:rock/cobble/slate":3,"tfc:rock/loose/slate":4,"tfc:log_pile":2,"tfc:wild_crop/tomato":5,"tfc:plant/ostrich_fern":11,"exnihilosequentia:infested_leaves":40,"tfc:wood/stripped_log/maple":1,"tfc:wood/sluice/chestnut":1,"tfc:rock/loose/shale":12,"tfc:plant/tall_fescue_grass":62,"tfc:dirt/silty_loam":87,"dttfc:oak_undergrowth_leaves":5,"tfc:rock/cobble/shale":17,"tfc:wild_crop/green_bean":8,"tfc:charcoal_pile":51,"tfc:plant/bromegrass":95,"tfc:wood/twig/maple":1,"tfc:plant/timothy_grass":21,"tfc:rock/gravel/shale":29,"myrtrees:wooden_bucket":1,"dttfc:chestnut_undergrowth_leaves":141,"tfc:plant/field_horsetail":3,"dttfc:maple_sapling":1,"woodenhopper:wooden_hopper":1,"tfc:wood/leaves/chestnut":92,"tfc:plant/ryegrass":11,"tfc:rock/cobble/andesite":2,"tfc:plant/athyrium_fern":12,"tfc:placed_item":198,"tfc:torch":14,"tfc:wood/fallen_leaves/maple":2,"tfc:wood/fallen_leaves/chestnut":11,"untamedwilds:block_burrow":1,"tfc:crop/potato":1,"tfc:plant/moss":4,"tfc:wood/twig/chestnut":8,"farmersdelight:tatami":2,"tfc:plant/snowberry_bush":4},"minecraft:dropped":{"minecraft:clay":32,"tfc:seeds/jute":2,"minecraft:baked_potato":1,"farmersdelight:pumpkin_slice":6,"tfc:metal/pickaxe/copper":1,"tfc:rock/loose/shale":4,"tfcorewashing:dirty_pile_copper":3,"tfc:stone/hoe_head/metamorphic":2,"tfcorewashing:rocky_chunks_bismuthinite":10,"tfc:stone/hoe/metamorphic":2,"ftbquests:book":1,"tfcorewashing:briquet_copper":6,"tfc:wood/log/maple":24,"minecraft:bone":1,"tfc:wooden_bucket":1,"patchouli:guide_book":2,"tfc:plant/ostrich_fern":3,"minecraft:charcoal":7,"tfc:plant/field_horsetail":3,"tfc:ceramic/jug":2,"tfc:stone/hammer/metamorphic":1,"tfc:rock/loose/andesite":12,"tfc:seeds/wheat":3,"tfc:rock/loose/slate":12,"tfc:stone/axe/metamorphic":1,"tfc:wood/fallen_leaves/chestnut":4,"kubejs:andesite_rock_powder":21,"tfc:straw":51,"tfc:wood/twig/chestnut":2,"minecraft:feather":5,"tfc:stone/knife/metamorphic":2,"tfc:rock/cobble/slate":3,"tfc:sand/black":1,"tfcorewashing:dirty_dust_copper":30,"tfcorewashing:chunks_copper":2,"minecraft:stick":118,"tfc:thatch":1,"tfcorewashing:copper_powder":8,"minecraft:string":1,"tfc:stone/shovel/sedimentary":1,"tfcorewashing:pellet_copper":2,"tfc:plant/trillium":2,"waterstrainer:worm":1,"tfc:rock/loose/dolomite":2,"minecraft:clay_ball":13,"tfc:dirt/silty_loam":33,"tfc:plant/houstonia":1,"tfc:rock/gravel/shale":10,"tfc:torch":444,"tfc:stone/javelin/metamorphic":1,"tfc:sand/red":7,"tfc:wood/stripped_log/maple":16,"tfc:wood/stripped_log/chestnut":1,"tfcorewashing:rocky_chunks_copper":47,"tfc:plant/lady_fern":2},"minecraft:picked_up":{"tfc:food/tomato":11,"tfc:wood/fallen_leaves/maple":4,"dttfc:maple_seed":27,"tfc:seeds/pumpkin":11,"tfc:ceramic/unfired_vessel":1,"tfc:rock/cobble/andesite":2,"tfc:ceramic/pickaxe_head_mold":6,"tfc:small_raw_hide":2,"tfc:pan/empty":2,"minecraft:string":69,"tfc:wooden_bucket":1,"tfc:rock/gravel/shale":27,"animaltrap:small_animals_bait":20,"minecraft:gold_nugget":14,"tfc:ceramic/saw_blade_mold":3,"tfc:stone/javelin/metamorphic":1,"tfc:ceramic/large_vessel":2,"firmalife:beehive_frame":4,"minecraft:stick":521,"tfc:thatch":1,"tfc:stone/hammer/metamorphic":2,"minecraft:rabbit_foot":2,"tfc:plant/houstonia":42,"tfc:plant/trillium":6,"exnihilosequentia:wooden_crook":10,"farmersdelight:canvas":2,"tfc:plant/lady_fern":3,"tfc:wood/log/maple":82,"tfc:ceramic/bowl":2,"minecraft:rotten_flesh":4,"dttfc:chestnut_seed":75,"tfc:wood/support/maple":24,"tfc:wood/stripped_log/chestnut":196,"farmersdelight:tree_bark":237,"tfc:wood/chest/chestnut":1,"tfc:torch":512,"tfc:seeds/green_bean":8,"tfc:wood/leaves/oak":38,"tfc:rock/cobble/shale":17,"waterstrainer:worm":1,"tfc:wood/support/chestnut":111,"minecraft:feather":31,"untamedwilds:hide_bigcat_puma":7,"tfcorewashing:chunks_copper":5,"tfc:quern":1,"tfc:rock/cobble/slate":4,"tfc:seeds/wheat":7,"minecraft:flint":44,"minecraft:bone":29,"tfc:sand/brown":1,"tfc:ceramic/unfired_ingot_mold":4,"tfc:wood/log/chestnut":198,"tfc:wood/planks/chestnut_slab":1,"tfc:large_raw_hide":1,"farmersdelight:pumpkin_slice":30,"tfc:metal/pickaxe_head/copper":1,"tfc:plant/sword_fern":1,"tfc:seeds/potato":21,"tfc:wood/sluice/chestnut":1,"animaltrap:empty":1,"firstaid:plaster":10,"tfc:seeds/melon":1,"patchouli:guide_book":1,"myrtrees:wooden_bucket":1,"tfc:sand/yellow":1,"tfc:stone/axe/sedimentary":1,"tfc:ceramic/vessel":10,"tfc:firestarter":4,"tfc:wood/leaves/chestnut":127,"exnihilosequentia:silkworm":51,"tfc:plant/athyrium_fern":12,"tfc:rock/loose/slate":71,"tfc:stone/knife/metamorphic":5,"tfc:ceramic/axe_head_mold":4,"minecraft:charcoal":73,"minecraft:clay_ball":261,"tfc:seeds/tomato":8,"tfc:rock/raw/shale":8,"create_hc:gear_small":4,"animaltrap:quail_carcass":1,"tfc:rock/loose/andesite":14,"tfc:straw":320,"tfc:ceramic/jug":5,"tfc:rock/gravel/slate":22,"tfc:plant/arrowhead":5,"butchersdelight:deadrabbitbrown":3,"tfc:dirt/silty_loam":309,"tfc:powder/wood_ash":1,"tfc:metal/pickaxe/copper":3,"tfcorewashing:copper_powder":89,"tfc:plant/dandelion":8,"tfc:wood/sluice/maple":6,"tfc:plant/ostrich_fern":3,"dttfc:birch_seed":10,"tfc:stone/shovel/sedimentary":2,"tfc:stone/hoe/metamorphic":9,"tfc:ceramic/pot":1,"animaltrap:twine":5,"tfc:seeds/jute":4,"pneumaticcraft:bandage":10,"tfc:food/green_bean":26,"tfcorewashing:rocky_chunks_copper":21,"tfc:rock/loose/shale":68,"tfc:wood/twig/chestnut":6,"firstaid:bandage":1,"tfc:wood/stripped_log/birch":14,"dttfc:oak_seed":1,"waterstrainer:string_mesh":2,"tfc:stone/shovel/metamorphic":2,"tfc:ceramic/unfired_bowl":6,"farmersdelight:tatami":2,"tfcorewashing:briquet_copper":9,"tfc:plant/field_horsetail":3,"tfcorewashing:pile_red_sand":9,"minecraft:rabbit_hide":1,"tfc:plant/bromegrass":2,"tfc:metal/axe/copper":1,"tfc:metal/chisel/copper":1,"tfc:wood/log/birch":28,"tfcorewashing:pellet_copper":5,"tfc:ore/small_native_copper":1,"tfc:stone/hammer_head/metamorphic":1,"tfc:wood/stripped_log/maple":67,"tfc:handstone":1,"minecraft:spider_eye":2,"tfc:stone/axe/metamorphic":5,"tfc:wood/fallen_leaves/chestnut":17,"tfc:food/potato":41,"tfc:ceramic/ingot_mold":17,"tfc:stone/hoe_head/metamorphic":1,"tfcorewashing:dirty_pile_copper":5,"mcw_tfc_aio:fences/other_fences/hedge":2,"tfc:pumpkin":11,"tfc:rock/loose/dolomite":3,"woodenhopper:wooden_hopper":2,"tfc:ceramic/chisel_head_mold":1,"tfc:ceramic/unfired_large_vessel":4},"minecraft:custom":{"minecraft:interact_with_crafting_table":53,"minecraft:leave_game":5,"minecraft:time_since_death":33205,"minecraft:sprint_one_cm":779559,"minecraft:drop":146,"minecraft:play_time":490968,"minecraft:deaths":8,"minecraft:jump":4367,"minecraft:walk_on_water_one_cm":53746,"minecraft:waystone_activated":2,"minecraft:damage_dealt":1356,"minecraft:player_kills":2,"minecraft:crouch_one_cm":213666,"minecraft:mob_kills":8,"minecraft:inspect_hopper":3,"minecraft:climb_one_cm":764,"minecraft:walk_one_cm":1210240,"minecraft:sneak_time":63824,"minecraft:walk_under_water_one_cm":2133,"minecraft:total_world_time":490968,"minecraft:time_since_rest":33249,"minecraft:damage_taken":1681,"minecraft:swim_one_cm":214,"minecraft:fly_one_cm":756303,"minecraft:open_chest":253,"minecraft:fall_one_cm":75079},"minecraft:killed":{"minecraft:spider":1,"tfc:quail":1,"untamedwilds:tarantula":1,"tfc:rabbit":1,"hordes:zombie_player":2,"untamedwilds:big_cat":2},"minecraft:killed_by":{"untamedwilds:big_cat":4}},"DataVersion":2975}