{"stats":{"minecraft:dropped":{"minecraft:clay":32,"tfc:wood/log/chestnut":78,"tfc:seeds/jute":2,"firmalife:plant/cumin":1,"farmersdelight:pumpkin_slice":6,"tfc:rock/loose/shale":5,"tfcorewashing:rocky_chunks_hematite":16,"tfcorewashing:dirty_pile_gold":1,"tfc:food/potato":3,"tfc:food/bear":1,"tfcorewashing:dirty_dust_galena":4,"tfc:sand/yellow":210,"tfc:stone/hoe_head/metamorphic":2,"tfc:plant/canna":2,"tfc:wood/twig/birch":1,"tfcorewashing:rocky_chunks_silver":16,"minecraft:gold_nugget":4,"tfcorewashing:dirty_pile_sphalerite":6,"tfcorewashing:rocky_chunks_bismuthinite":18,"tfcorewashing:dirty_dust_sphalerite":17,"minecraft:bone":13,"tfcorewashing:pile_black_sand":6,"tfcorewashing:dirty_pile_bismuthinite":1,"minecraft:rotten_flesh":2,"tfc:stone/axe/igneous_intrusive":2,"tfc:stone/javelin/sedimentary":1,"tfcorewashing:dirty_pile_silver":3,"minecraft:charcoal":38,"tfcorewashing:rocky_chunks_sphalerite":25,"tfc:stone/hammer/metamorphic":1,"tfc:rock/loose/andesite":55,"tfc:wood/lumber/chestnut":10,"tfc:rock/loose/slate":87,"tfc:stone/axe/metamorphic":5,"kubejs:andesite_rock_powder":259,"tfcorewashing:sphalerite_powder":17,"tfcorewashing:rocky_chunks_limonite":26,"tfc:ceramic/unfired_large_vessel":1,"dttfc:chestnut_seed":13,"tfc:pumpkin":6,"tfcorewashing:rocky_chunks_gold":14,"minecraft:feather":5,"tfc:stone/knife/metamorphic":3,"tfc:ceramic/large_vessel":1,"tfc:rock/cobble/slate":402,"tfc:sand/white":134,"tfc:wood/fallen_leaves/birch":1,"tfcorewashing:dirty_dust_gold":15,"tfcorewashing:chunks_copper":4,"waterstrainer:string_mesh":1,"tfc:seeds/melon":1,"tfcorewashing:chunks_limonite":3,"firmalife:beehive_frame":18,"chiselsandbits:chiseledground":1,"tfc:food/wheat":3,"tfc:wood/barrel/chestnut":5,"minecraft:string":537,"tfcorewashing:chunks_gold":2,"tfcorewashing:dirty_dust_bauxite":3,"farmersdelight:raw_pasta":7,"tfc:plant/trillium":2,"tfc:stone/hoe/igneous_intrusive":1,"minecraft:clay_ball":40,"tfc:seeds/sugarcane":1,"tfc:plant/houstonia":1,"tfc:rock/gravel/shale":62,"tfc:sand/brown":313,"tfc:sand/pink":1,"htm:plant_string":1,"tfc:dirt/loam":9,"tfc:stone/javelin/metamorphic":2,"tfc:silk_cloth":1,"tfc:wood/stripped_log/chestnut":34,"tfcorewashing:pile_red_sand":43,"tfc:ore/small_native_copper":2,"tfc:plant/tulip_pink":2,"firmalife:plant/bay_laurel":1,"tfcorewashing:rocky_chunks_galena":4,"minecraft:baked_potato":1,"tfc:metal/pickaxe/copper":1,"tfc:plant/strelitzia":2,"tfc:seeds/tomato":2,"tfcorewashing:dirty_pile_copper":20,"dttfc:birch_seed":8,"minecraft:flint":38,"waterstrainer:strainer_base":1,"tfc:large_prepared_hide":3,"tfcorewashing:pile_green_sand":7,"tfcorewashing:rocky_chunks_bauxite":4,"tfcorewashing:dirty_pile_limonite":5,"tfc:stone/hoe/metamorphic":4,"tfcorewashing:pile_pink_sand":1,"ftbquests:book":1,"tfcorewashing:briquet_copper":6,"tfc:wood/log/maple":24,"chiselsandbits:block_bit":1241,"tfc:wooden_bucket":2,"tfc:wood/support/birch":24,"animaltrap:small_animals_bait":2,"exnihilosequentia:silkworm":15,"tfc:plant/sword_fern":1,"tfcorewashing:dirty_pile_galena":1,"patchouli:guide_book":2,"tfc:plant/ostrich_fern":6,"tfc:rock/loose/diorite":69,"tfc:food/carrot":11,"tfc:plant/field_horsetail":4,"tfc:ceramic/jug":3,"chiselsandbits:chiseledgrass":1,"tfc:seeds/wheat":3,"tfc:food/wheat_flour":2,"tfcorewashing:pile_yellow_sand":6,"tfc:wood/fallen_leaves/chestnut":4,"create:andesite_alloy":2,"tfc:rock/cobble/slate_slab":2,"chiselsandbits:chiseledsand":1,"tfc:straw":134,"tfc:powder/amethyst":1,"tfc:wood/twig/chestnut":3,"tfc:sand/black":12,"tfc:wood/planks/chestnut":2,"tfcorewashing:dirty_dust_copper":321,"tfc:wood/support/chestnut":2,"minecraft:stick":231,"tfcorewashing:dirty_dust_limonite":30,"tfc:thatch":1,"tfcorewashing:copper_powder":29,"farmersdelight:rich_soil":1,"tfc:wood/planks/chestnut_stairs":1,"tfc:stone/shovel/sedimentary":1,"tfc:rock/gravel/slate":1216,"tfcorewashing:pellet_copper":37,"waterstrainer:worm":1,"tfc:rock/loose/dolomite":18,"tfc:sand/green":4,"tfc:food/oat_dough":15,"tfcorewashing:dirty_dust_silver":1,"tfc:dirt/silty_loam":69,"tfc:ceramic/ingot_mold":14,"tfcorewashing:dirty_dust_bismuthinite":16,"animaltrap:twine":2,"chiselsandbits:chisel_stone":4,"tfc:stone/hammer/sedimentary":1,"tfcorewashing:dirty_dust_hematite":4,"tfc:torch":1019,"tfc:sand/red":77,"tfc:wood/stripped_log/maple":16,"chiselsandbits:chiseledrock":9,"firstaid:plaster":4,"tfcorewashing:rocky_chunks_copper":321,"untamedwilds:hide_bigcat_puma":4,"tfc:plant/lady_fern":2},"minecraft:killed_by":{"untamedwilds:hippo":1,"untamedwilds:big_cat":6,"untamedwilds:hyena":2},"minecraft:broken":{"tfc:stone/shovel/metamorphic":14,"tfc:stone/hoe/sedimentary":4,"exnihilosequentia:wooden_crook":2,"tfc:stone/axe/igneous_intrusive":3,"tfc:stone/hammer/igneous_intrusive":5,"tfc:stone/knife/igneous_intrusive":2,"tfc:stone/shovel/igneous_intrusive":3,"tfc:stone/axe/metamorphic":14,"tfc:stone/hoe/igneous_intrusive":8,"tfc:stone/hammer/metamorphic":1,"tfc:stone/knife/metamorphic":11,"tfc:stone/axe/sedimentary":6,"htm:flint_shears":3,"tfc:firestarter":8,"tfc:stone/hoe/metamorphic":10,"tfc:stone/shovel/sedimentary":6,"tfc:stone/hammer/sedimentary":1},"minecraft:picked_up":{"tfc:wood/support/birch":48,"tfc:plant/cloudberry_bush":1,"tfc:seeds/pumpkin":30,"tfc:ceramic/unfired_vessel":1,"tfc:seeds/carrot":10,"tfc:ceramic/pickaxe_head_mold":6,"tfc:stone/hoe/sedimentary":1,"minecraft:string":1454,"tfcorewashing:pile_black_sand":7,"tfc:wooden_bucket":3,"tfc:wood/fallen_leaves/birch":1,"minecraft:gold_nugget":14,"tfc:stone/javelin/metamorphic":1,"tfc:metal/ingot/copper":2,"tfcorewashing:dirty_dust_limonite":1,"minecraft:melon_slice":8,"firmalife:plant/oregano":2,"tfc:metal/propick/copper":1,"tfc:powder/amethyst":1,"create:andesite_casing":1,"tfc:thatch":1,"tfcorewashing:pile_yellow_sand":15,"minecraft:rabbit_foot":2,"exnihilosequentia:wooden_crook":18,"farmersdelight:canvas":4,"tfc:wood/log/maple":105,"tfc:wood/stripped_log/chestnut":392,"create:copper_casing":1,"tfcorewashing:chunks_limonite":3,"tfc:wood/chest/chestnut":1,"minecraft:carved_pumpkin":7,"farmersdelight:rope":10,"tfc:wood/leaves/oak":75,"waterstrainer:worm":3,"tfc:wood/support/chestnut":311,"tfcorewashing:chunks_sphalerite":1,"minecraft:feather":32,"untamedwilds:hide_bigcat_puma":17,"tfc:plant/black_orchid":1,"tfcorewashing:chunks_copper":18,"tfcorewashing:chunks_hematite":1,"farmersdelight:bacon":4,"firmalife:spoon":1,"butchersdelight:deadpig":2,"waterflasks:bladder":1,"tfc:seeds/wheat":15,"minecraft:flint":100,"animaltrap:grouse_carcass":1,"tfc:ceramic/propick_head_mold":2,"tfc:ceramic/unfired_ingot_mold":4,"tfc:wood/log/chestnut":529,"tfc:wood/planks/chestnut_slab":3,"tfc:large_raw_hide":14,"tfcorewashing:dirty_dust_silver":2,"tfc:food/cattail_root":7,"tfc:metal/pickaxe_head/copper":1,"tfc:plant/sword_fern":6,"tfc:silk_cloth":1,"kubejs:andesite_rock_powder":17,"firmalife:fruit_leaf":28,"tfc:food/sugarcane":1,"kubejs:chisel_stone_head":3,"animaltrap:empty":3,"tfc:jute":8,"firmalife:oven_bottom":1,"patchouli:guide_book":1,"myrtrees:wooden_bucket":1,"tfc:ceramic/vessel":16,"tfc:firestarter":7,"tfcorewashing:chunks_gold":3,"untamedwilds:hide_bigcat_snow_leopard":3,"exnihilosequentia:silkworm":668,"tfc:wood/barrel/chestnut":14,"tfc:rock/loose/slate":733,"tfc:stone/knife/igneous_intrusive":2,"tfc:stone/knife/metamorphic":10,"tfc:food/bear":13,"chiselsandbits:bit_bag":1,"tfc:plant/poppy":1,"tfc:ceramic/axe_head_mold":6,"tfc:large_scraped_hide":16,"minecraft:clay_ball":430,"tfc:plant/snapdragon_yellow":1,"tfc:stone/hammer/sedimentary":1,"firmalife:plant/cardamom":1,"tfc:straw":1234,"tfc:ceramic/jug":7,"tfc:plant/arrowhead":16,"butchersdelight:deadrabbitbrown":5,"tfc:powder/wood_ash":11,"tfc:seeds/garlic":2,"tfc:seeds/sugarcane":3,"tfc:rock/loose/diorite":136,"tfc:stone/hoe/metamorphic":17,"tfc:stone/shovel/sedimentary":3,"tfc:ceramic/pot":1,"tfc:food/oat":19,"tfc:large_soaked_hide":11,"tfc:seeds/jute":8,"pneumaticcraft:bandage":10,"tfc:rock/loose/shale":113,"firstaid:bandage":1,"tfc:wood/stripped_log/birch":26,"tfc:plant/meads_milkweed":1,"dttfc:oak_seed":6,"tfc:stone/hoe/igneous_intrusive":3,"waterstrainer:string_mesh":4,"tfc:ceramic/sword_blade_mold":2,"tfc:stone/shovel/metamorphic":10,"sewingkit:sewing_station":1,"tfc:ceramic/unfired_bowl":8,"tfcorewashing:pile_pink_sand":1,"tfcorewashing:rocky_chunks_hematite":4,"tfc:food/wolf":20,"tfcorewashing:sphalerite_powder":17,"tfcorewashing:briquet_copper":9,"farmersdelight:organic_compost":1,"chiselsandbits:chiseledgrass":1,"tfc:plant/field_horsetail":5,"tfcorewashing:pile_red_sand":63,"tfc:plant/bromegrass":2,"tfc:metal/chisel/copper":2,"minecraft:glass_bottle":1,"immersiveengineering:nugget_silver":1,"tfc:plant/strelitzia":2,"tfc:ore/small_native_copper":3,"tfc:plant/tulip_pink":2,"tfc:stone/hammer_head/metamorphic":1,"tfc:handstone":3,"tfc:wood/support/oak":22,"tfcorewashing:dirty_pile_gold":1,"tfc:wood/fallen_leaves/chestnut":24,"tfc:plant/moss":1,"tfc:food/potato":108,"tfc:metal/hammer/copper":1,"tfc:stone/axe/igneous_intrusive":1,"tfc:stone/hoe_head/metamorphic":1,"tfcorewashing:dirty_pile_copper":22,"tfc:pumpkin":64,"mcw_tfc_aio:fences/other_fences/hedge":2,"tfc:rock/loose/dolomite":21,"tfc:large_prepared_hide":8,"tfc:wood/twig/birch":2,"tfc:ceramic/unfired_large_vessel":6,"tfc:food/tomato":27,"tfc:ceramic/hammer_head_mold":1,"tfcorewashing:pile_green_sand":8,"tfc:wood/fallen_leaves/maple":5,"dttfc:maple_seed":47,"tfc:wood/planks/chestnut":5,"tfc:wood/stripped_log/oak":11,"tfc:rock/cobble/andesite":2,"tfc:pan/empty":3,"tfc:small_raw_hide":6,"tfc:ceramic/shovel_head_mold":2,"tfc:rock/gravel/shale":78,"tfc:rock/cobble/slate_slab":121,"animaltrap:small_animals_bait":23,"htm:plant_pulp":8,"tfc:ceramic/saw_blade_mold":3,"comforts:sleeping_bag_white":4,"tfc:ore/small_bismuthinite":2,"tfc:ceramic/large_vessel":23,"firmalife:beehive_frame":30,"tfc:food/venison":6,"firmalife:empty_jar":5,"minecraft:stick":1136,"tfcorewashing:dirty_pile_silver":3,"tfc:stone/hammer/igneous_intrusive":1,"tfcorewashing:rocky_chunks_bismuthinite":2,"htm:flint_scrap":2,"tfc:food/wheat":14,"tfcorewashing:dirty_pile_sphalerite":6,"htm:flint_shears":2,"tfcorewashing:dirty_pile_bismuthinite":1,"minecraft:pointed_dripstone":1,"tfc:stone/hammer/metamorphic":3,"tfc:plant/houstonia":63,"firmalife:plant/basil":1,"tfc:stone/shovel_head/sedimentary":1,"tfc:plant/trillium":11,"tfc:plant/lady_fern":5,"tfc:ceramic/bowl":20,"dttfc:chestnut_seed":162,"minecraft:rotten_flesh":6,"firmalife:mixing_bowl":1,"tfc:wood/support/maple":48,"farmersdelight:tree_bark":449,"tfc:stone/knife_head/metamorphic":5,"tfc:plant/coontail":2,"tfc:torch":1124,"tfc:seeds/green_bean":22,"tfc:sand/white":134,"farmersdelight:raw_pasta":16,"tfc:rock/cobble/shale":17,"tfc:rock/cobble/slate":391,"tfc:quern":3,"tfc:stone/shovel_head/metamorphic":1,"tfc:seeds/oat":8,"tfc:metal/javelin/copper":2,"minecraft:bone":83,"tfc:sand/brown":349,"tfcambiental:straw_hat":1,"tfc:rock/cobble/slate_stairs":6,"tfc:plant/kangaroo_paw":1,"farmersdelight:pumpkin_slice":166,"tfc:seeds/potato":59,"htm:plant_string":1,"tfc:wood/sluice/chestnut":1,"create:radial_chassis":2,"firstaid:plaster":18,"tfc:seeds/melon":5,"tfc:stone/axe/sedimentary":1,"tfc:sand/yellow":207,"tfc:dirt/loam":16,"tfcorewashing:dirty_pile_limonite":6,"tfcorewashing:rocky_chunks_silver":4,"tfc:wood/leaves/chestnut":197,"firmalife:beeswax":6,"tfc:plant/athyrium_fern":15,"tfc:food/garlic":3,"waterstrainer:strainer_base":2,"minecraft:bone_meal":2,"tfc:food/wheat_flour":2,"minecraft:charcoal":104,"tfc:powder/limonite":1,"sewingkit:bone_sewing_needle":1,"chiselsandbits:chiseledground":2,"tfc:seeds/tomato":21,"tfc:rock/raw/shale":8,"create_hc:gear_small":10,"tfc:wood/twig/maple":1,"tfcorewashing:gold_powder":1,"tfc:wood/leaves/maple":136,"animaltrap:quail_carcass":1,"tfc:glue":1,"tfc:rock/loose/andesite":74,"tfc:rock/gravel/slate":635,"tfc:food/carrot":24,"firmalife:plant/bay_laurel":2,"tfc:dirt/silty_loam":392,"tfc:metal/pickaxe/copper":6,"tfcorewashing:copper_powder":111,"tfc:plant/canna":2,"tfc:plant/dandelion":46,"firmalife:plant/cilantro":1,"tfc:wood/sluice/maple":6,"tfc:plant/ostrich_fern":8,"tfcorewashing:dirty_dust_bauxite":1,"tfc:ceramic/javelin_head_mold":1,"create:windmill_bearing":4,"tfc:ceramic/unfired_brick":2,"tfc:wood/planks/chestnut_stairs":3,"tfc:sand/red":1,"tfc:wood/planks/chestnut_workbench":1,"untamedwilds:hide_bear_brown":5,"tfc:rock/loose/limestone":2,"dttfc:birch_seed":23,"tfc:melon":2,"tfc:powder/sylvite":4,"tfcorewashing:rocky_chunks_copper":23,"tfcorewashing:dirty_dust_gold":2,"tfc:food/oat_dough":16,"tfc:raw_sandstone/yellow":1,"tfc:food/green_bean":52,"animaltrap:twine":8,"tfc:wood/twig/chestnut":17,"create:secondary_linear_chassis":1,"chiselsandbits:chisel_stone":4,"farmersdelight:rich_soil":71,"tfc:plant/tropical_milkweed":1,"tfc:stone/axe_head/metamorphic":1,"create:andesite_alloy":2,"minecraft:gunpowder":4,"farmersdelight:tatami":4,"tfcorewashing:dirty_pile_galena":2,"tfc:wood/lumber/chestnut":10,"tfc:rock/raw/diorite":8,"minecraft:rabbit_hide":1,"tfc:wood/log/oak":11,"tfc:metal/axe/copper":2,"chiselsandbits:chiseledrock":29,"create:mechanical_bearing":1,"tfc:wood/log/birch":54,"tfcorewashing:pellet_copper":40,"chiselsandbits:chiseledsand":2,"tfcorewashing:rocky_chunks_sphalerite":11,"tfc:blubber":8,"tfc:wood/stripped_log/maple":89,"tfc:medium_raw_hide":13,"create:turntable":1,"minecraft:spider_eye":2,"firmalife:plant/cumin":2,"tfc:stone/axe/metamorphic":9,"tfc:ceramic/ingot_mold":51,"firmalife:beehive":4,"tfc:stone/javelin/sedimentary":1,"woodenhopper:wooden_hopper":4,"tfc:ceramic/chisel_head_mold":1},"minecraft:killed":{"tfc:wolf":3,"tfc:rabbit":2,"minecraft:zombie":4,"tfc:deer":1,"hordes:zombie_player":2,"untamedwilds:trevally":1,"untamedwilds:big_cat":4,"tfc:direwolf":3,"untamedwilds:hyena":3,"minecraft:spider":1,"tfc:quail":1,"untamedwilds:tarantula":4,"minecraft:creeper":4,"untamedwilds:bear":1,"tfc:grouse":1},"minecraft:crafted":{"htm:flint_shears":6,"tfc:stone/axe/sedimentary":6,"tfcorewashing:dirty_dust_limonite":3,"firmaciv:large_waterproof_hide":1,"htm:plant_string":253,"farmersdelight:rope":20,"tfc:metal/hammer_head/copper":1,"tfcorewashing:pellet_limonite":5,"tfc:thatch":3,"tfc:stone/hammer/igneous_intrusive":6,"firmalife:beehive_frame":18,"tfcorewashing:rocky_chunks_copper":298,"tfc:quern":1,"sewingkit:wool_shirt":1,"sewingkit:wool_hat":1,"farmersdelight:organic_compost":69,"firmalife:raw_honey":101,"kubejs:andesite_rock_powder":242,"tfc:metal/chisel_head/copper":1,"firmalife:food/pumpkin_chunks":8,"tfc:rock/cobble/shale":10,"tfc:wood/sluice/chestnut":1,"tfc:stone/hammer/metamorphic":4,"tfc:wooden_bucket":2,"tfc:metal/axe_head/copper":1,"tfcorewashing:briquet_limonite":1,"tfcorewashing:rocky_chunks_bismuthinite":16,"tfc:rock/loose/slate":12,"comforts:sleeping_bag_white":1,"tfc:metal/shovel/copper":1,"tfc:metal/hammer/copper":1,"tfc:wood/planks/chestnut_loom":1,"animaltrap:empty":15,"tfc:sand/red":77,"htm:rope":21,"tfc:food/oat_grain":18,"minecraft:white_carpet":12,"kubejs:primitive_glass_pane":20,"waterstrainer:strainer_survivalist":7,"tfc:stone/axe/igneous_intrusive":5,"tfc:sand/green":4,"tfc:wood/planks/chestnut_workbench":1,"tfc:wood/barrel/maple":1,"tfc:sand/black":12,"minecraft:lead":1,"kubejs:tree_seed_paste":19,"tfcorewashing:pellet_bismuthinite":2,"tfc:rock/cobble/slate":242,"tfcorewashing:dirty_dust_silver":1,"tfc:rock/loose/andesite":24,"tfcorewashing:rocky_chunks_limonite":26,"tfc:metal/axe/copper":1,"tfc:metal/propick/copper":1,"tfc:wood/chest/oak":2,"tfcorewashing:rocky_chunks_silver":12,"tfcorewashing:dirty_dust_copper":30,"minecraft:white_bed":2,"firmalife:mixing_bowl":1,"tfc:metal/saw_blade/copper":1,"tfc:food/wheat_grain":9,"tfc:stone/axe/metamorphic":13,"exnihilosequentia:string_mesh":1,"tfc:stone/knife/igneous_intrusive":2,"tfc:metal/saw/copper":1,"exnihilosequentia:birch_sieve":1,"tfcorewashing:dirty_dust_sphalerite":3,"chiselsandbits:bit_bag":1,"tfc:metal/chisel/copper":1,"sewingkit:sewing_station":1,"farmersdelight:canvas":33,"tfcorewashing:pellet_copper":104,"kubejs:feed_meat":42,"kubejs:medical_white_powder":6,"tfc:rock/cobble/slate_slab":6,"tfc:stone/hoe/sedimentary":4,"tfc:metal/javelin/copper":1,"tfc:rock/smooth/shale":2,"tfcorewashing:briquet_copper":16,"tfc:handstone":2,"tfc:rock/cobble/dolomite":8,"htm:flint_sharped":6,"mcw_tfc_aio:fences/other_fences/hedge":12,"tfc:wood/chest/chestnut":22,"tfc:stone/shovel/igneous_intrusive":3,"tfc:wood/lumber/oak":44,"tfcorewashing:dirty_dust_gold":1,"kubejs:cut_cattail":18,"firmalife:spoon":1,"tfc:food/pork":14,"tfc:wood/planks/maple_loom":1,"chiselsandbits:chisel_stone":1,"woodenhopper:wooden_hopper":8,"tfc:rock/cobble/andesite":20,"minecraft:crafting_table":1,"animaltrap:small_animals_bait":80,"create:sand_paper":1,"tfcorewashing:rocky_chunks_hematite":12,"tfcorewashing:rocky_chunks_sphalerite":14,"kubejs:medical_paste":24,"farmersdelight:tatami":12,"tfc:metal/shovel_head/copper":1,"waterstrainer:strainer_base":3,"tfcorewashing:rocky_chunks_bauxite":4,"tfc:metal/pickaxe_head/bismuth_bronze":1,"tfc:food/rabbit":6,"minecraft:stick":13,"tfc:metal/ingot/copper":10,"tfc:stone/shovel/metamorphic":14,"animaltrap:twine":20,"tfc:stone/javelin/sedimentary":3,"tfc:stone/knife/metamorphic":18,"tfc:stone/hoe/igneous_intrusive":8,"minecraft:azure_bluet":4,"tfc:wood/barrel/chestnut":5,"firmalife:beehive":3,"tfc:food/grouse":1,"tfc:metal/pickaxe/bismuth_bronze":1,"firmalife:treated_lumber":8,"tfcorewashing:rocky_chunks_galena":4,"sewingkit:wool_shoes":1,"sewingkit:storing_sewing_station":1,"tfc:stick_bundle":9,"htm:flint_scrap":12,"waterstrainer:string_mesh":34,"tfc:wood/planks/maple":2,"tfc:metal/javelin_head/copper":1,"sewingkit:wool_roll":7,"tfc:wood/planks/chestnut_slab":12,"htm:plant_mesh":2,"tfc:food/quail":1,"exnihilosequentia:wooden_crook":4,"tfc:dead_torch":6,"tfc:stone/shovel/sedimentary":6,"tfc:stone/hoe/metamorphic":12,"create:andesite_alloy":6,"tfc:metal/ingot/unknown":1,"tfcambiental:straw_hat":1,"tfc:stone/javelin/metamorphic":2,"travelersbackpack:backpack_tank":2,"tfc:metal/propick_head/copper":1,"tfc:sand/pink":1,"tfc:stone/hammer/sedimentary":1,"sewingkit:wool_pants":1,"tfc:wood/planks/chestnut":29,"minecraft:air":0,"tfc:wood/lumber/maple":92,"tfcorewashing:pellet_sphalerite":4,"kubejs:medical_red_powder":6,"tfc:wood/sluice/maple":2,"tfc:firestarter":15,"tfc:sand/yellow":11,"tfc:metal/pickaxe/copper":1,"htm:plant_fabric":1,"tfcorewashing:rocky_chunks_gold":14,"tfc:metal/pickaxe_head/copper":1,"tfc:powder/flux":248,"kubejs:medical_green_powder":36,"tfc:stick_bunch":30,"minecraft:clay":32,"tfc:wood/lumber/chestnut":500},"minecraft:used":{"tfc:food/carrot":7,"tfc:rock/gravel/slate":22,"tfc:food/cooked_pork":11,"tfc:stone/axe/sedimentary":33,"woodenhopper:wooden_hopper":12,"minecraft:rotten_flesh":1,"tfc:food/pork":1,"tfc:wood/support/maple":1,"firmalife:beehive":6,"tfc:stone/hammer/metamorphic":4,"tfc:wood/twig/maple":1,"tfc:metal/chisel/copper":85,"animaltrap:empty":18,"tfc:seeds/wheat":11,"tfc:wood/log/chestnut":29,"chiselsandbits:chiseledground":1,"tfc:plant/sword_fern":2,"tfc:wood/twig/chestnut":14,"tfc:wood/leaves/chestnut":197,"tfc:seeds/jute":6,"tfc:dead_torch":6,"tfc:stone/javelin/metamorphic":64,"farmersdelight:pumpkin_slice":49,"tfc:seeds/melon":2,"tfc:rock/cobble/slate_stairs":6,"farmersdelight:tatami":16,"tfc:wood/stripped_log/maple":1,"tfc:stone/axe/metamorphic":47,"tfc:wood/chest/chestnut":13,"tfc:rock/gravel/shale":16,"tfc:food/oat_dough":1,"tfc:pumpkin":6,"tfc:wood/planks/maple_loom":1,"tfc:wood/barrel/chestnut":27,"minecraft:bone":3,"tfc:pan/empty":76,"tfc:food/wheat_flour":1,"tfc:food/oat":1,"tfc:wood/planks/chestnut_slab":7,"minecraft:carved_pumpkin":7,"tfc:dirt/loam":4,"tfc:food/grouse":1,"sewingkit:sewing_station":1,"minecraft:stick":12,"tfc:food/cooked_rabbit":5,"firmalife:plant/oregano":1,"tfc:food/tomato":6,"tfc:stone/shovel/sedimentary":301,"chiselsandbits:chiseledrock":22,"tfc:food/vegetables_salad":16,"farmersdelight:bacon":1,"tfc:wood/planks/chestnut_workbench":1,"tfc:wood/stripped_log/birch":1,"tfc:food/venison":1,"tfc:rock/cobble/slate_slab":82,"minecraft:gunpowder":1,"dttfc:maple_seed":7,"tfc:wood/planks/chestnut_loom":1,"comforts:sleeping_bag_white":4,"tfc:metal/pickaxe/bismuth_bronze":23,"tfc:plant/lady_fern":1,"tfc:metal/propick/copper":105,"sewingkit:wool_pants":1,"tfc:seeds/potato":52,"waterstrainer:strainer_base":4,"tfc:seeds/green_bean":16,"tfc:food/cattail_root":1,"tfc:food/green_bean":21,"tfc:stone/shovel/metamorphic":767,"animaltrap:small_animals_bait":1,"tfc:rock/cobble/slate":99,"tfc:wood/log/birch":1,"minecraft:crafting_table":1,"dttfc:birch_seed":2,"minecraft:white_bed":1,"create:secondary_linear_chassis":1,"tfc:dirt/silty_loam":60,"tfc:food/oat_flour":1,"tfc:ceramic/large_vessel":28,"dttfc:oak_seed":6,"tfc:stone/javelin/sedimentary":34,"tfc:food/wheat_dough":1,"farmersdelight:cooked_bacon":3,"tfc:plant/bromegrass":2,"firmalife:mixing_bowl":2,"tfc:food/cooked_venison":1,"tfc:plant/trillium":2,"tfc:wood/sluice/chestnut":2,"tfc:quern":4,"tfc:plant/dandelion":46,"tfc:stone/shovel/igneous_intrusive":180,"tfc:wood/support/birch":21,"create:mechanical_bearing":1,"tfc:wood/leaves/maple":136,"tfc:stone/hoe/sedimentary":201,"exnihilosequentia:birch_sieve":1,"firmalife:honey_jar":1,"tfc:wood/barrel/maple":1,"tfc:plant/athyrium_fern":1,"sewingkit:wool_hat":1,"tfc:plant/moss":1,"tfc:stone/hoe/igneous_intrusive":480,"farmersdelight:raw_pasta":9,"tfc:rock/loose/shale":38,"tfc:seeds/garlic":2,"tfc:pan/filled":38,"tfc:sand/yellow":5,"farmersdelight:organic_compost":70,"chiselsandbits:chiseledsand":1,"tfc:food/garlic":3,"waystones:waystone":1,"minecraft:melon_slice":8,"minecraft:string":16,"tfc:seeds/pumpkin":12,"tfc:seeds/tomato":13,"create:andesite_casing":1,"tfc:rock/loose/slate":15,"tfc:food/wolf":1,"tfc:torch":738,"tfc:firestarter":187,"exnihilosequentia:silkworm":351,"minecraft:air":69,"tfc:food/wheat":1,"tfc:wood/leaves/oak":75,"tfc:sand/red":1,"tfc:rock/cobble/shale":26,"tfc:metal/axe/copper":81,"farmersdelight:rich_soil":1,"tfc:food/oat_grain":1,"tfc:rock/raw/shale":1,"tfc:metal/javelin/copper":140,"tfc:food/wheat_grain":1,"tfc:seeds/carrot":8,"farmersdelight:rope":25,"tfc:food/protein_soup":6,"minecraft:feather":3,"exnihilosequentia:wooden_crook":714,"tfc:food/vegetables_soup":18,"tfc:rock/cobble/andesite":2,"create:radial_chassis":1,"tfc:raw_sandstone/yellow":1,"tfc:wood/stripped_log/chestnut":4,"tfc:sand/brown":2,"tfc:stone/hoe/metamorphic":629,"tfc:stone/knife/igneous_intrusive":10,"dttfc:chestnut_seed":15,"sewingkit:wool_shoes":1,"tfc:food/sugarcane":1,"tfc:seeds/sugarcane":2,"minecraft:baked_potato":65,"tfc:metal/shovel/copper":417,"tfc:wood/support/chestnut":38,"htm:flint_shears":423,"tfc:food/bear":1,"tfc:stone/knife/metamorphic":252,"tfc:food/grain_soup":70,"tfc:plant/houstonia":57,"minecraft:spider_eye":1,"firmalife:food/wheat_flatbread":5,"tfc:stone/axe/igneous_intrusive":6,"tfc:wood/twig/birch":1,"tfc:food/rabbit":1,"tfc:metal/pickaxe/copper":486,"tfc:wood/fallen_leaves/chestnut":2,"create:windmill_bearing":4,"tfc:food/potato":1,"firmalife:food/pumpkin_chunks":8,"tfc:wood/sluice/maple":8,"tfc:food/quail":1,"tfc:seeds/oat":2,"tfc:rock/raw/diorite":2,"tfc:wood/planks/chestnut":6,"sewingkit:wool_shirt":1,"sewingkit:storing_sewing_station":1},"minecraft:custom":{"minecraft:interact_with_crafting_table":210,"minecraft:leave_game":10,"minecraft:time_since_death":542104,"minecraft:play_time":1980521,"minecraft:deaths":16,"minecraft:jump":14120,"minecraft:sleep_in_bed":4,"minecraft:waystone_activated":2,"minecraft:damage_dealt":8060,"minecraft:inspect_hopper":38,"minecraft:sneak_time":204641,"minecraft:total_world_time":1980521,"minecraft:time_since_rest":542134,"minecraft:swim_one_cm":4079,"minecraft:fly_one_cm":3177123,"minecraft:open_chest":1654,"minecraft:fall_one_cm":247474,"minecraft:sprint_one_cm":2703613,"minecraft:drop":1003,"minecraft:talked_to_villager":2,"minecraft:walk_on_water_one_cm":215639,"minecraft:player_kills":2,"minecraft:crouch_one_cm":674676,"minecraft:mob_kills":36,"minecraft:climb_one_cm":16398,"minecraft:walk_one_cm":3704215,"minecraft:walk_under_water_one_cm":21902,"minecraft:damage_taken":4061},"minecraft:mined":{"tfc:rock/cobble/slate_stairs":6,"create:copper_casing":1,"tfc:plant/houstonia":60,"tfc:plant/coontail":2,"create:andesite_casing":1,"minecraft:carved_pumpkin":4,"tfc:grass/silty_loam":208,"tfc:raw_sandstone/yellow":1,"animaltrap:small_animals_bait":1,"tfc:sand/yellow":196,"dttfc:oak_leaves":81,"tfc:wild_crop/potato":11,"minecraft:fire":4,"tfc:plant/cattail":6,"tfc:crop/tomato":5,"tfc:plant/switchgrass":326,"tfc:plant/trillium":10,"firmalife:plant/bay_laurel":1,"minecraft:tripwire":13,"tfc:wood/sluice/maple":6,"tfc:dead_crop/melon":1,"tfc:pit_kiln":1,"tfc:plant/lady_fern":7,"tfc:dead_torch":3,"tfc:plant/meads_milkweed":1,"tfc:plant/canna":1,"tfc:plant/scutch_grass":229,"tfc:plant/dandelion":46,"tfc:plant/ivy":1,"tfc:plant/arrowhead":23,"tfc:plant/sword_fern":10,"tfc:crop/garlic":1,"tfc:rock/loose/slate":6,"tfc:wood/planks/chestnut_workbench":1,"tfc:wild_crop/tomato":10,"tfc:plant/tropical_milkweed":1,"create_hc:gear_small":4,"tfc:plant/sargassum":4,"tfc:rock/cobble/slate_slab":95,"tfc:rock/anvil/diorite":1,"tfc:wood/stripped_log/maple":1,"tfc:rock/loose/shale":18,"firmalife:plant/basil":1,"tfc:dirt/silty_loam":109,"dttfc:oak_undergrowth_leaves":5,"tfc:plant/cloudberry_bush":1,"tfc:plant/strelitzia":1,"tfc:plant/tulip_pink":1,"tfc:rock/cobble/shale":17,"tfc:plant/bromegrass":293,"butchersdelight:deadpigblock":1,"create:secondary_linear_chassis":1,"tfc:wood/twig/maple":2,"animaltrap:full":1,"tfc:plant/snapdragon_yellow":1,"tfc:quern":1,"tfc:wild_crop/garlic":1,"tfc:groundcover/rotten_flesh":2,"dttfc:chestnut_undergrowth_leaves":186,"tfc:plant/black_orchid":1,"tfc:wood/stripped_log/chestnut":1,"tfc:crop/jute":4,"tfc:wood/log/birch":1,"dttfc:maple_sapling":1,"tfc:crop/wheat":7,"dttfc:maple_leaves":105,"woodenhopper:wooden_hopper":1,"tfc:wood/leaves/chestnut":92,"tfc:wild_crop/oat":6,"tfc:plant/ryegrass":51,"tfc:sand/red":1,"tfc:wood/planks/chestnut_stairs":2,"tfc:rock/cobble/andesite":2,"tfc:placed_item":312,"tfc:torch":31,"tfc:crop/potato":37,"firmalife:plant/cilantro":1,"tfc:plant/moss":7,"tfc:melon":2,"create:mechanical_bearing":1,"waterstrainer:strainer_base":1,"farmersdelight:rich_soil":70,"tfc:wild_crop/carrot":2,"sewingkit:sewing_station":1,"tfc:crop/sugarcane":1,"firmalife:plant/vanilla":1,"tfc:wall_torch":14,"tfc:rock/raw/slate":250,"tfc:sand/brown":319,"comforts:sleeping_bag_white":1,"tfc:groundcover/stick":16,"firmalife:plant/oregano":3,"tfc:wood/chest/chestnut":1,"tfc:wood/leaves/oak":13,"tfc:pumpkin":58,"tfc:clay_grass/silty_loam":97,"animaltrap:bait":1,"tfc:plant/kangaroo_paw":1,"tfc:crop/carrot":5,"create:radial_chassis":1,"tfc:crop/oat":2,"tfc:plant/poppy":1,"farmersdelight:organic_compost":1,"tfc:wild_crop/pumpkin":17,"tfc:dead_crop/tomato":2,"tfc:wood/planks/chestnut_slab":3,"tfc:scraping":25,"tfc:grass/loam":1,"tfc:rock/raw/shale":16,"tfc:wood/planks/chestnut":3,"tfc:clay/silty_loam":61,"tfc:wood/fallen_leaves/birch":1,"tfc:rock/cobble/slate":15,"tfc:log_pile":2,"firmalife:mixing_bowl":1,"tfc:ceramic/large_vessel":20,"tfc:crop/green_bean":8,"tfc:rock/gravel/slate":354,"tfc:rock/hardened/slate":1,"exnihilosequentia:infested_leaves":589,"tfc:plant/ostrich_fern":21,"animaltrap:stick":1,"tfc:wood/sluice/chestnut":1,"tfc:wood/vertical_support/chestnut":2,"tfc:dirt/loam":4,"tfc:plant/tall_fescue_grass":252,"firmalife:beehive":3,"tfc:wild_crop/green_bean":15,"tfc:charcoal_pile":51,"tfc:plant/timothy_grass":68,"tfc:wood/horizontal_support/chestnut":1,"supplementaries:gunpowder":1,"create:windmill_bearing":4,"tfc:rock/gravel/shale":79,"tfc:wood/barrel/chestnut":6,"tfc:wood/log/chestnut":2,"farmersdelight:rope":9,"tfc:ore/small_bismuthinite":1,"myrtrees:wooden_bucket":1,"tfc:sand/white":128,"tfc:crop/pumpkin":2,"tfc:jack_o_lantern":3,"tfc:plant/field_horsetail":6,"dttfc:chestnut_leaves":37,"firmalife:plant/cumin":1,"tfc:plant/athyrium_fern":16,"dttfc:maple_undergrowth_leaves":41,"tfc:wood/fallen_leaves/maple":3,"tfc:wood/fallen_leaves/chestnut":15,"untamedwilds:block_burrow":2,"tfc:rock/raw/diorite":14,"create:turntable":1,"tfc:wood/twig/chestnut":16,"farmersdelight:tatami":4,"firmalife:plant/cardamom":1,"tfc:plant/snowberry_bush":4}},"DataVersion":2975}