{"stats":{"minecraft:broken":{"tfc:stone/shovel/metamorphic":14,"tfc:stone/hoe/sedimentary":4,"exnihilosequentia:wooden_crook":1,"tfc:stone/axe/igneous_intrusive":2,"tfc:stone/hammer/igneous_intrusive":2,"tfc:stone/shovel/igneous_intrusive":2,"tfc:stone/axe/metamorphic":13,"tfc:stone/hoe/igneous_intrusive":8,"tfc:stone/hammer/metamorphic":1,"tfc:stone/knife/metamorphic":7,"tfc:stone/axe/sedimentary":6,"htm:flint_shears":3,"tfc:firestarter":5,"tfc:stone/hoe/metamorphic":9,"tfc:stone/shovel/sedimentary":5},"minecraft:killed":{"tfc:rabbit":2,"hordes:zombie_player":2,"untamedwilds:big_cat":3,"minecraft:spider":1,"tfc:quail":1,"untamedwilds:tarantula":3,"minecraft:creeper":3},"minecraft:custom":{"minecraft:interact_with_crafting_table":148,"minecraft:leave_game":8,"minecraft:time_since_death":312513,"minecraft:play_time":1244280,"minecraft:deaths":13,"minecraft:jump":9151,"minecraft:sleep_in_bed":3,"minecraft:waystone_activated":2,"minecraft:damage_dealt":2461,"minecraft:inspect_hopper":10,"minecraft:sneak_time":133762,"minecraft:total_world_time":1244280,"minecraft:time_since_rest":312538,"minecraft:swim_one_cm":1058,"minecraft:fly_one_cm":1629897,"minecraft:open_chest":941,"minecraft:fall_one_cm":162110,"minecraft:sprint_one_cm":1708295,"minecraft:drop":536,"minecraft:walk_on_water_one_cm":119284,"minecraft:player_kills":2,"minecraft:crouch_one_cm":473210,"minecraft:mob_kills":15,"minecraft:climb_one_cm":12900,"minecraft:walk_one_cm":2522814,"minecraft:walk_under_water_one_cm":8407,"minecraft:damage_taken":3158},"minecraft:used":{"tfc:food/carrot":4,"tfc:rock/gravel/slate":22,"tfc:stone/axe/sedimentary":33,"woodenhopper:wooden_hopper":7,"minecraft:rotten_flesh":1,"tfc:wood/support/maple":1,"firmalife:beehive":6,"tfc:stone/hammer/metamorphic":4,"tfc:metal/chisel/copper":3,"animaltrap:empty":9,"tfc:seeds/wheat":7,"tfc:wood/log/chestnut":4,"tfc:wood/twig/chestnut":10,"tfc:plant/sword_fern":2,"tfc:wood/leaves/chestnut":197,"tfc:seeds/jute":4,"tfc:dead_torch":6,"farmersdelight:pumpkin_slice":41,"tfc:stone/javelin/metamorphic":60,"tfc:seeds/melon":2,"tfc:wood/stripped_log/maple":1,"farmersdelight:tatami":16,"tfc:wood/chest/chestnut":10,"tfc:stone/axe/metamorphic":47,"tfc:rock/gravel/shale":16,"tfc:pumpkin":1,"tfc:wood/planks/maple_loom":1,"tfc:wood/barrel/chestnut":8,"tfc:pan/empty":76,"tfc:food/wheat_flour":1,"tfc:wood/planks/chestnut_slab":4,"tfc:food/oat":1,"sewingkit:sewing_station":1,"tfc:food/cooked_rabbit":5,"tfc:food/tomato":6,"minecraft:stick":7,"tfc:stone/shovel/sedimentary":251,"tfc:food/vegetables_salad":14,"tfc:wood/planks/chestnut_workbench":1,"tfc:wood/stripped_log/birch":1,"tfc:rock/cobble/slate_slab":2,"minecraft:gunpowder":1,"dttfc:maple_seed":7,"tfc:wood/planks/chestnut_loom":1,"tfc:plant/lady_fern":1,"comforts:sleeping_bag_white":4,"tfc:metal/propick/copper":104,"sewingkit:wool_pants":1,"tfc:seeds/potato":37,"waterstrainer:strainer_base":1,"tfc:seeds/green_bean":8,"tfc:food/cattail_root":1,"tfc:stone/shovel/metamorphic":767,"tfc:food/green_bean":21,"animaltrap:small_animals_bait":1,"tfc:rock/cobble/slate":3,"tfc:wood/log/birch":1,"minecraft:crafting_table":1,"dttfc:birch_seed":2,"tfc:dirt/silty_loam":48,"tfc:ceramic/large_vessel":10,"dttfc:oak_seed":6,"tfc:stone/javelin/sedimentary":16,"tfc:plant/bromegrass":2,"firmalife:mixing_bowl":2,"tfc:plant/trillium":2,"tfc:wood/sluice/chestnut":2,"tfc:quern":2,"tfc:plant/dandelion":45,"tfc:stone/shovel/igneous_intrusive":120,"tfc:wood/support/birch":21,"tfc:wood/leaves/maple":136,"tfc:stone/hoe/sedimentary":201,"exnihilosequentia:birch_sieve":1,"tfc:wood/barrel/maple":1,"tfc:plant/athyrium_fern":1,"sewingkit:wool_hat":1,"tfc:plant/moss":1,"tfc:stone/hoe/igneous_intrusive":480,"tfc:rock/loose/shale":26,"tfc:seeds/garlic":1,"tfc:pan/filled":38,"tfc:sand/yellow":5,"farmersdelight:organic_compost":70,"tfc:food/garlic":1,"waystones:waystone":1,"tfc:seeds/pumpkin":11,"minecraft:string":9,"tfc:seeds/tomato":7,"tfc:rock/loose/slate":8,"tfc:torch":415,"tfc:firestarter":112,"exnihilosequentia:silkworm":65,"tfc:food/wheat":1,"minecraft:air":48,"tfc:wood/leaves/oak":75,"tfc:sand/red":1,"tfc:rock/cobble/shale":26,"tfc:metal/axe/copper":32,"tfc:rock/raw/shale":1,"tfc:metal/javelin/copper":20,"tfc:food/wheat_grain":1,"tfc:seeds/carrot":5,"farmersdelight:rope":25,"minecraft:feather":3,"tfc:rock/cobble/andesite":2,"exnihilosequentia:wooden_crook":457,"tfc:food/vegetables_soup":18,"tfc:raw_sandstone/yellow":1,"tfc:wood/stripped_log/chestnut":1,"tfc:sand/brown":2,"tfc:stone/hoe/metamorphic":567,"tfc:stone/knife/igneous_intrusive":3,"dttfc:chestnut_seed":9,"sewingkit:wool_shoes":1,"tfc:seeds/sugarcane":1,"minecraft:baked_potato":44,"tfc:wood/support/chestnut":38,"htm:flint_shears":423,"tfc:stone/knife/metamorphic":231,"tfc:food/grain_soup":34,"tfc:plant/houstonia":57,"minecraft:spider_eye":1,"tfc:stone/axe/igneous_intrusive":4,"tfc:food/rabbit":1,"tfc:metal/pickaxe/copper":341,"tfc:wood/fallen_leaves/chestnut":1,"tfc:food/potato":1,"tfc:wood/sluice/maple":8,"tfc:food/quail":1,"tfc:seeds/oat":1,"tfc:rock/raw/diorite":2,"tfc:wood/planks/chestnut":3,"sewingkit:wool_shirt":1,"sewingkit:storing_sewing_station":1},"minecraft:mined":{"tfc:plant/houstonia":60,"tfc:plant/coontail":2,"tfc:grass/silty_loam":191,"tfc:raw_sandstone/yellow":1,"animaltrap:small_animals_bait":1,"tfc:sand/yellow":149,"dttfc:oak_leaves":81,"tfc:wild_crop/potato":9,"minecraft:fire":4,"tfc:plant/cattail":6,"tfc:crop/tomato":1,"tfc:plant/switchgrass":324,"tfc:plant/trillium":10,"minecraft:tripwire":7,"tfc:wood/sluice/maple":6,"tfc:dead_crop/melon":1,"tfc:pit_kiln":1,"tfc:plant/lady_fern":7,"tfc:dead_torch":3,"tfc:plant/scutch_grass":222,"tfc:plant/dandelion":45,"tfc:plant/ivy":1,"tfc:plant/arrowhead":23,"tfc:plant/sword_fern":10,"tfc:rock/loose/slate":5,"tfc:wood/planks/chestnut_workbench":1,"tfc:wild_crop/tomato":10,"create_hc:gear_small":2,"tfc:rock/cobble/slate_slab":2,"tfc:rock/anvil/diorite":1,"tfc:wood/stripped_log/maple":1,"tfc:rock/loose/shale":17,"tfc:dirt/silty_loam":91,"dttfc:oak_undergrowth_leaves":5,"tfc:plant/cloudberry_bush":1,"tfc:rock/cobble/shale":17,"tfc:plant/bromegrass":283,"tfc:wood/twig/maple":2,"tfc:wild_crop/garlic":1,"tfc:groundcover/rotten_flesh":2,"dttfc:chestnut_undergrowth_leaves":183,"tfc:wood/stripped_log/chestnut":1,"tfc:crop/jute":2,"tfc:wood/log/birch":1,"dttfc:maple_sapling":1,"tfc:crop/wheat":3,"dttfc:maple_leaves":105,"woodenhopper:wooden_hopper":1,"tfc:wood/leaves/chestnut":92,"tfc:plant/ryegrass":47,"tfc:sand/red":1,"tfc:rock/cobble/andesite":2,"tfc:placed_item":262,"tfc:torch":20,"tfc:crop/potato":24,"tfc:plant/moss":5,"farmersdelight:rich_soil":26,"tfc:wild_crop/carrot":2,"sewingkit:sewing_station":1,"firmalife:plant/vanilla":1,"tfc:wall_torch":11,"tfc:rock/raw/slate":249,"tfc:sand/brown":253,"tfc:groundcover/stick":11,"tfc:wood/chest/chestnut":1,"tfc:wood/leaves/oak":13,"tfc:pumpkin":22,"tfc:clay_grass/silty_loam":97,"animaltrap:bait":1,"tfc:crop/carrot":2,"tfc:crop/oat":1,"farmersdelight:organic_compost":1,"tfc:wild_crop/pumpkin":13,"tfc:wood/planks/chestnut_slab":2,"tfc:scraping":14,"tfc:grass/loam":1,"tfc:rock/raw/shale":15,"tfc:wood/planks/chestnut":3,"tfc:clay/silty_loam":61,"tfc:rock/cobble/slate":6,"tfc:log_pile":2,"firmalife:mixing_bowl":1,"tfc:ceramic/large_vessel":8,"tfc:rock/gravel/slate":32,"tfc:rock/hardened/slate":1,"exnihilosequentia:infested_leaves":332,"tfc:plant/ostrich_fern":20,"tfc:wood/sluice/chestnut":1,"tfc:wood/vertical_support/chestnut":2,"tfc:dirt/loam":2,"tfc:plant/tall_fescue_grass":249,"firmalife:beehive":3,"tfc:wild_crop/green_bean":9,"tfc:charcoal_pile":51,"tfc:plant/timothy_grass":63,"tfc:wood/horizontal_support/chestnut":1,"supplementaries:gunpowder":1,"tfc:rock/gravel/shale":65,"tfc:wood/barrel/chestnut":3,"tfc:wood/log/chestnut":1,"farmersdelight:rope":9,"tfc:ore/small_bismuthinite":1,"myrtrees:wooden_bucket":1,"tfc:sand/white":128,"tfc:crop/pumpkin":1,"tfc:plant/field_horsetail":6,"dttfc:chestnut_leaves":37,"tfc:plant/athyrium_fern":16,"dttfc:maple_undergrowth_leaves":41,"tfc:wood/fallen_leaves/maple":3,"tfc:wood/fallen_leaves/chestnut":15,"untamedwilds:block_burrow":2,"tfc:rock/raw/diorite":14,"tfc:wood/twig/chestnut":12,"farmersdelight:tatami":4,"tfc:plant/snowberry_bush":4},"minecraft:killed_by":{"untamedwilds:big_cat":6},"minecraft:picked_up":{"tfc:wood/support/birch":48,"tfc:plant/cloudberry_bush":1,"tfc:seeds/pumpkin":25,"tfc:ceramic/unfired_vessel":1,"tfc:seeds/carrot":7,"tfc:ceramic/pickaxe_head_mold":6,"tfc:stone/hoe/sedimentary":1,"minecraft:string":635,"tfcorewashing:pile_black_sand":6,"tfc:wooden_bucket":3,"minecraft:gold_nugget":14,"tfc:stone/javelin/metamorphic":1,"tfc:metal/ingot/copper":2,"tfcorewashing:dirty_dust_limonite":1,"tfc:powder/amethyst":1,"tfc:thatch":1,"tfcorewashing:pile_yellow_sand":8,"minecraft:rabbit_foot":2,"farmersdelight:canvas":4,"exnihilosequentia:wooden_crook":17,"tfc:wood/log/maple":104,"tfc:wood/stripped_log/chestnut":363,"tfcorewashing:chunks_limonite":3,"tfc:wood/chest/chestnut":1,"farmersdelight:rope":10,"tfc:wood/leaves/oak":75,"waterstrainer:worm":3,"tfc:wood/support/chestnut":225,"tfcorewashing:chunks_sphalerite":1,"minecraft:feather":31,"untamedwilds:hide_bigcat_puma":17,"tfcorewashing:chunks_copper":5,"firmalife:spoon":1,"tfc:seeds/wheat":11,"minecraft:flint":55,"tfc:ceramic/propick_head_mold":2,"tfc:ceramic/unfired_ingot_mold":4,"tfc:wood/log/chestnut":386,"tfc:wood/planks/chestnut_slab":2,"tfc:plant/sword_fern":6,"tfc:food/cattail_root":7,"tfcorewashing:dirty_dust_silver":2,"tfc:metal/pickaxe_head/copper":1,"tfc:large_raw_hide":9,"tfc:silk_cloth":1,"kubejs:andesite_rock_powder":13,"kubejs:chisel_stone_head":1,"animaltrap:empty":1,"tfc:jute":4,"firmalife:oven_bottom":1,"patchouli:guide_book":1,"myrtrees:wooden_bucket":1,"tfc:ceramic/vessel":16,"tfc:firestarter":6,"tfcorewashing:chunks_gold":3,"exnihilosequentia:silkworm":382,"tfc:wood/barrel/chestnut":3,"tfc:rock/loose/slate":696,"tfc:stone/knife/igneous_intrusive":2,"tfc:stone/knife/metamorphic":9,"tfc:ceramic/axe_head_mold":6,"tfc:large_scraped_hide":4,"minecraft:clay_ball":428,"tfc:straw":1207,"tfc:ceramic/jug":6,"tfc:plant/arrowhead":16,"butchersdelight:deadrabbitbrown":5,"tfc:powder/wood_ash":10,"tfc:seeds/garlic":1,"tfc:seeds/sugarcane":2,"tfc:rock/loose/diorite":136,"tfc:stone/hoe/metamorphic":16,"tfc:stone/shovel/sedimentary":3,"tfc:ceramic/pot":1,"tfc:food/oat":1,"tfc:large_soaked_hide":5,"tfc:seeds/jute":6,"pneumaticcraft:bandage":10,"tfc:rock/loose/shale":98,"firstaid:bandage":1,"tfc:wood/stripped_log/birch":26,"dttfc:oak_seed":6,"tfc:stone/hoe/igneous_intrusive":3,"waterstrainer:string_mesh":4,"tfc:ceramic/sword_blade_mold":2,"tfc:stone/shovel/metamorphic":9,"sewingkit:sewing_station":1,"tfc:ceramic/unfired_bowl":8,"tfcorewashing:sphalerite_powder":17,"tfcorewashing:briquet_copper":9,"farmersdelight:organic_compost":1,"tfc:plant/field_horsetail":5,"tfcorewashing:pile_red_sand":17,"tfc:plant/bromegrass":2,"tfc:metal/chisel/copper":1,"minecraft:glass_bottle":1,"tfc:ore/small_native_copper":1,"tfc:stone/hammer_head/metamorphic":1,"tfc:handstone":1,"tfc:wood/support/oak":22,"tfcorewashing:dirty_pile_gold":1,"tfc:wood/fallen_leaves/chestnut":23,"tfc:plant/moss":1,"tfc:food/potato":78,"tfc:stone/axe/igneous_intrusive":1,"tfcorewashing:dirty_pile_copper":9,"tfc:stone/hoe_head/metamorphic":1,"tfc:pumpkin":22,"mcw_tfc_aio:fences/other_fences/hedge":2,"tfc:rock/loose/dolomite":11,"tfc:ceramic/unfired_large_vessel":4,"tfc:ceramic/hammer_head_mold":1,"tfc:food/tomato":22,"tfcorewashing:pile_green_sand":8,"tfc:wood/fallen_leaves/maple":5,"dttfc:maple_seed":40,"tfc:wood/planks/chestnut":3,"tfc:wood/stripped_log/oak":11,"tfc:rock/cobble/andesite":2,"tfc:pan/empty":3,"tfc:small_raw_hide":4,"tfc:ceramic/shovel_head_mold":2,"tfc:rock/gravel/shale":59,"tfc:rock/cobble/slate_slab":2,"animaltrap:small_animals_bait":20,"htm:plant_pulp":4,"tfc:ceramic/saw_blade_mold":3,"comforts:sleeping_bag_white":3,"tfc:ore/small_bismuthinite":1,"tfc:ceramic/large_vessel":10,"firmalife:beehive_frame":30,"minecraft:stick":798,"tfc:stone/hammer/igneous_intrusive":1,"tfcorewashing:dirty_pile_silver":3,"tfcorewashing:rocky_chunks_bismuthinite":2,"htm:flint_scrap":2,"tfc:food/wheat":6,"tfcorewashing:dirty_pile_sphalerite":5,"htm:flint_shears":2,"tfcorewashing:dirty_pile_bismuthinite":1,"minecraft:pointed_dripstone":1,"tfc:stone/hammer/metamorphic":3,"tfc:plant/houstonia":63,"tfc:stone/shovel_head/sedimentary":1,"tfc:plant/trillium":11,"tfc:plant/lady_fern":5,"tfc:ceramic/bowl":6,"dttfc:chestnut_seed":122,"minecraft:rotten_flesh":6,"firmalife:mixing_bowl":1,"tfc:wood/support/maple":48,"farmersdelight:tree_bark":420,"tfc:stone/knife_head/metamorphic":1,"tfc:plant/coontail":2,"tfc:torch":1083,"tfc:seeds/green_bean":8,"tfc:sand/white":134,"tfc:rock/cobble/shale":17,"tfc:rock/cobble/slate":21,"tfc:quern":1,"tfc:stone/shovel_head/metamorphic":1,"tfc:seeds/oat":1,"minecraft:bone":52,"tfc:sand/brown":283,"tfcambiental:straw_hat":1,"farmersdelight:pumpkin_slice":94,"tfc:seeds/potato":44,"htm:plant_string":1,"tfc:wood/sluice/chestnut":1,"firstaid:plaster":12,"tfc:seeds/melon":5,"tfc:stone/axe/sedimentary":1,"tfc:sand/yellow":151,"tfc:dirt/loam":12,"tfcorewashing:dirty_pile_limonite":3,"tfcorewashing:rocky_chunks_silver":4,"tfc:wood/leaves/chestnut":197,"tfc:plant/athyrium_fern":15,"tfc:food/garlic":2,"waterstrainer:strainer_base":1,"minecraft:bone_meal":2,"minecraft:charcoal":104,"tfc:powder/limonite":1,"sewingkit:bone_sewing_needle":1,"tfc:seeds/tomato":15,"tfc:rock/raw/shale":8,"create_hc:gear_small":6,"tfc:wood/twig/maple":1,"tfcorewashing:gold_powder":1,"tfc:wood/leaves/maple":136,"animaltrap:quail_carcass":1,"tfc:glue":1,"tfc:rock/loose/andesite":42,"tfc:rock/gravel/slate":54,"tfc:food/carrot":16,"tfc:dirt/silty_loam":356,"tfc:metal/pickaxe/copper":5,"tfcorewashing:copper_powder":89,"tfc:plant/dandelion":45,"tfc:wood/sluice/maple":6,"tfc:plant/ostrich_fern":8,"tfc:ceramic/javelin_head_mold":1,"tfc:sand/red":1,"tfc:wood/planks/chestnut_workbench":1,"dttfc:birch_seed":23,"tfcorewashing:rocky_chunks_copper":21,"tfc:food/green_bean":28,"tfcorewashing:dirty_dust_gold":2,"tfc:raw_sandstone/yellow":1,"animaltrap:twine":5,"tfc:wood/twig/chestnut":12,"farmersdelight:rich_soil":27,"tfc:stone/axe_head/metamorphic":1,"minecraft:gunpowder":3,"farmersdelight:tatami":4,"tfcorewashing:dirty_pile_galena":2,"tfc:rock/raw/diorite":8,"minecraft:rabbit_hide":1,"tfc:wood/log/oak":11,"tfc:metal/axe/copper":2,"tfc:wood/log/birch":54,"tfcorewashing:pellet_copper":5,"tfcorewashing:rocky_chunks_sphalerite":11,"tfc:wood/stripped_log/maple":89,"minecraft:spider_eye":2,"tfc:stone/axe/metamorphic":9,"tfc:ceramic/ingot_mold":40,"tfc:stone/javelin/sedimentary":1,"firmalife:beehive":4,"woodenhopper:wooden_hopper":2,"tfc:ceramic/chisel_head_mold":1},"minecraft:dropped":{"minecraft:clay":32,"tfc:wood/log/chestnut":78,"tfc:seeds/jute":2,"farmersdelight:pumpkin_slice":6,"tfc:rock/loose/shale":4,"tfcorewashing:dirty_pile_gold":1,"tfcorewashing:dirty_dust_galena":2,"tfc:sand/yellow":147,"tfc:stone/hoe_head/metamorphic":2,"tfcorewashing:rocky_chunks_silver":16,"minecraft:gold_nugget":4,"tfcorewashing:dirty_pile_sphalerite":5,"tfcorewashing:rocky_chunks_bismuthinite":16,"tfcorewashing:dirty_dust_sphalerite":16,"minecraft:bone":13,"tfcorewashing:pile_black_sand":5,"tfcorewashing:dirty_pile_bismuthinite":1,"tfcorewashing:dirty_pile_silver":3,"tfc:stone/axe/igneous_intrusive":2,"minecraft:charcoal":38,"tfcorewashing:rocky_chunks_sphalerite":25,"tfc:stone/hammer/metamorphic":1,"tfc:rock/loose/andesite":32,"tfc:rock/loose/slate":69,"tfc:stone/axe/metamorphic":5,"kubejs:andesite_rock_powder":106,"tfcorewashing:sphalerite_powder":17,"tfcorewashing:rocky_chunks_limonite":24,"dttfc:chestnut_seed":13,"tfcorewashing:rocky_chunks_gold":14,"minecraft:feather":5,"tfc:stone/knife/metamorphic":3,"tfc:rock/cobble/slate":20,"tfc:sand/white":134,"tfcorewashing:dirty_dust_gold":6,"tfcorewashing:chunks_copper":2,"tfcorewashing:chunks_limonite":3,"waterstrainer:string_mesh":1,"tfc:seeds/melon":1,"firmalife:beehive_frame":18,"tfc:food/wheat":3,"minecraft:string":119,"tfcorewashing:chunks_gold":2,"tfc:plant/trillium":2,"tfc:stone/hoe/igneous_intrusive":1,"minecraft:clay_ball":39,"tfc:seeds/sugarcane":1,"tfc:plant/houstonia":1,"tfc:rock/gravel/shale":42,"tfc:sand/brown":247,"tfc:dirt/loam":9,"tfc:stone/javelin/metamorphic":1,"tfc:silk_cloth":1,"tfc:wood/stripped_log/chestnut":34,"tfcorewashing:pile_red_sand":4,"tfcorewashing:rocky_chunks_galena":2,"minecraft:baked_potato":1,"tfc:metal/pickaxe/copper":1,"tfc:seeds/tomato":2,"tfcorewashing:dirty_pile_copper":7,"dttfc:birch_seed":8,"minecraft:flint":10,"waterstrainer:strainer_base":1,"tfcorewashing:pile_green_sand":7,"tfcorewashing:dirty_pile_limonite":3,"tfc:stone/hoe/metamorphic":4,"ftbquests:book":1,"tfcorewashing:briquet_copper":6,"tfc:wood/log/maple":24,"tfc:wooden_bucket":2,"tfc:wood/support/birch":24,"exnihilosequentia:silkworm":15,"tfc:plant/sword_fern":1,"tfcorewashing:dirty_pile_galena":1,"patchouli:guide_book":2,"tfc:plant/ostrich_fern":6,"tfc:rock/loose/diorite":69,"tfc:food/carrot":8,"tfc:plant/field_horsetail":4,"tfc:ceramic/jug":3,"tfc:seeds/wheat":3,"tfcorewashing:pile_yellow_sand":3,"tfc:wood/fallen_leaves/chestnut":4,"tfc:straw":126,"tfc:powder/amethyst":1,"tfc:wood/twig/chestnut":2,"tfc:sand/black":7,"tfcorewashing:dirty_dust_copper":43,"tfc:wood/support/chestnut":2,"minecraft:stick":167,"tfcorewashing:dirty_dust_limonite":14,"tfc:thatch":1,"tfcorewashing:copper_powder":8,"farmersdelight:rich_soil":1,"tfc:stone/shovel/sedimentary":1,"tfc:rock/gravel/slate":32,"tfcorewashing:pellet_copper":2,"waterstrainer:worm":1,"tfc:rock/loose/dolomite":9,"tfc:sand/green":3,"tfc:dirt/silty_loam":67,"tfc:ceramic/ingot_mold":12,"tfcorewashing:dirty_dust_bismuthinite":14,"tfc:torch":992,"tfc:sand/red":10,"tfc:wood/stripped_log/maple":16,"tfcorewashing:rocky_chunks_copper":57,"untamedwilds:hide_bigcat_puma":4,"tfc:plant/lady_fern":2},"minecraft:crafted":{"htm:flint_shears":6,"tfc:stone/axe/sedimentary":6,"tfcorewashing:dirty_dust_limonite":1,"htm:plant_string":242,"farmersdelight:rope":20,"tfc:metal/hammer_head/copper":1,"tfc:thatch":3,"tfc:stone/hammer/igneous_intrusive":2,"firmalife:beehive_frame":18,"tfcorewashing:rocky_chunks_copper":36,"tfc:quern":1,"sewingkit:wool_shirt":1,"sewingkit:wool_hat":1,"firmalife:raw_honey":29,"farmersdelight:organic_compost":69,"kubejs:andesite_rock_powder":93,"tfc:metal/chisel_head/copper":1,"tfc:rock/cobble/shale":10,"tfc:wood/sluice/chestnut":1,"tfc:stone/hammer/metamorphic":2,"tfc:wooden_bucket":1,"tfc:metal/axe_head/copper":1,"tfcorewashing:rocky_chunks_bismuthinite":14,"tfc:rock/loose/slate":8,"comforts:sleeping_bag_white":1,"tfc:metal/hammer/copper":1,"tfc:wood/planks/chestnut_loom":1,"animaltrap:empty":8,"tfc:sand/red":10,"htm:rope":21,"minecraft:white_carpet":12,"kubejs:primitive_glass_pane":20,"waterstrainer:strainer_survivalist":2,"tfc:stone/axe/igneous_intrusive":3,"tfc:sand/green":3,"tfc:wood/planks/chestnut_workbench":1,"tfc:wood/barrel/maple":1,"tfc:sand/black":7,"kubejs:tree_seed_paste":19,"tfcorewashing:pellet_bismuthinite":2,"tfc:rock/cobble/slate":145,"tfcorewashing:rocky_chunks_limonite":24,"tfc:metal/axe/copper":1,"tfc:metal/propick/copper":1,"tfc:wood/chest/oak":2,"tfcorewashing:rocky_chunks_silver":12,"tfcorewashing:dirty_dust_copper":7,"firmalife:mixing_bowl":1,"tfc:metal/saw_blade/copper":1,"tfc:food/wheat_grain":2,"tfc:stone/axe/metamorphic":13,"exnihilosequentia:string_mesh":1,"tfc:stone/knife/igneous_intrusive":2,"tfc:metal/saw/copper":1,"exnihilosequentia:birch_sieve":1,"tfcorewashing:dirty_dust_sphalerite":2,"chiselsandbits:bit_bag":1,"sewingkit:sewing_station":1,"tfc:metal/chisel/copper":1,"farmersdelight:canvas":33,"tfcorewashing:pellet_copper":25,"kubejs:medical_white_powder":4,"tfc:rock/cobble/slate_slab":6,"tfc:stone/hoe/sedimentary":4,"tfc:metal/javelin/copper":1,"tfc:rock/smooth/shale":2,"tfcorewashing:briquet_copper":4,"tfc:handstone":1,"htm:flint_sharped":6,"mcw_tfc_aio:fences/other_fences/hedge":12,"tfc:wood/chest/chestnut":15,"tfc:stone/shovel/igneous_intrusive":2,"tfc:wood/lumber/oak":44,"kubejs:cut_cattail":15,"firmalife:spoon":1,"tfc:wood/planks/maple_loom":1,"woodenhopper:wooden_hopper":6,"tfc:rock/cobble/andesite":1,"minecraft:crafting_table":1,"animaltrap:small_animals_bait":10,"create:sand_paper":1,"tfcorewashing:rocky_chunks_sphalerite":14,"farmersdelight:tatami":12,"waterstrainer:strainer_base":1,"tfc:food/rabbit":6,"minecraft:stick":10,"tfc:metal/ingot/copper":3,"tfc:stone/shovel/metamorphic":14,"animaltrap:twine":12,"tfc:stone/javelin/sedimentary":2,"tfc:stone/knife/metamorphic":11,"tfc:stone/hoe/igneous_intrusive":8,"minecraft:azure_bluet":4,"tfc:wood/barrel/chestnut":2,"firmalife:beehive":3,"firmalife:treated_lumber":8,"tfcorewashing:rocky_chunks_galena":2,"sewingkit:wool_shoes":1,"sewingkit:storing_sewing_station":1,"htm:flint_scrap":12,"waterstrainer:string_mesh":23,"tfc:wood/planks/maple":2,"tfc:metal/javelin_head/copper":1,"sewingkit:wool_roll":7,"htm:plant_mesh":2,"tfc:wood/planks/chestnut_slab":12,"tfc:food/quail":1,"exnihilosequentia:wooden_crook":2,"tfc:dead_torch":6,"tfc:stone/shovel/sedimentary":5,"tfc:stone/hoe/metamorphic":12,"tfcambiental:straw_hat":1,"tfc:stone/javelin/metamorphic":2,"travelersbackpack:backpack_tank":2,"tfc:metal/propick_head/copper":1,"sewingkit:wool_pants":1,"tfc:wood/planks/chestnut":19,"minecraft:air":0,"tfc:wood/lumber/maple":92,"tfcorewashing:pellet_sphalerite":2,"tfc:wood/sluice/maple":2,"tfc:firestarter":9,"tfc:sand/yellow":4,"tfcorewashing:rocky_chunks_gold":14,"htm:plant_fabric":1,"tfc:metal/pickaxe_head/copper":1,"tfc:metal/pickaxe/copper":1,"tfc:powder/flux":58,"kubejs:medical_green_powder":36,"tfc:stick_bunch":10,"minecraft:clay":32,"tfc:wood/lumber/chestnut":350}},"DataVersion":2975}