{
  "tfc:crafting/stone/hoe_sedimentary": {
    "criteria": {
      "has_item": "2024-11-22 02:29:06 +0000"
    },
    "done": true
  },
  "astikorcarts:crafting/plow/snow_gum_eucalyptus": {
    "criteria": {
      "has_wheel": "2024-11-22 02:00:14 +0000"
    },
    "done": true
  },
  "astikorcarts:crafting/plow/brazilwood": {
    "criteria": {
      "has_wheel": "2024-11-22 02:00:14 +0000"
    },
    "done": true
  },
  "astikorcarts:crafting/plow/ghaf": {
    "criteria": {
      "has_wheel": "2024-11-22 02:00:14 +0000"
    },
    "done": true
  },
  "smallships:recipes/transportation/birch_drakkar": {
    "criteria": {
      "in_water": "2024-11-22 02:25:14 +0000"
    },
    "done": true
  },
  "mcw_tfc_aio:recipes/hedge": {
    "criteria": {
      "has_birch": "2024-11-22 02:00:14 +0000"
    },
    "done": true
  },
  "astikorcarts:crafting/plow/red_cypress": {
    "criteria": {
      "has_wheel": "2024-11-22 02:00:14 +0000"
    },
    "done": true
  },
  "firmalife:crafting/wheat_dough": {
    "criteria": {
      "has_item": "2024-11-22 02:38:19 +0000"
    },
    "done": true
  },
  "naturescompass:natures_compass": {
    "criteria": {
      "has_compass": "2024-11-22 02:00:14 +0000"
    },
    "done": true
  },
  "immersiveengineering:recipes/immersiveengineering/crafting/concrete": {
    "criteria": {
      "has_clay": "2024-11-22 03:21:19 +0000"
    },
    "done": true
  },
  "securitycraft:recipes/securitycraft/reinforced_andesite_with_vanilla_diorite": {
    "criteria": {
      "has_cobblestone": "2024-11-23 01:44:37 +0000"
    },
    "done": true
  },
  "astikorcarts:crafting/plow/white_mangrove": {
    "criteria": {
      "has_wheel": "2024-11-22 02:00:14 +0000"
    },
    "done": true
  },
  "precisionprospecting:story/prospector_hammer": {
    "criteria": {
      "proshammers": "2024-11-22 04:36:03 +0000"
    },
    "done": true
  },
  "astikorcarts:crafting/plow/pear": {
    "criteria": {
      "has_wheel": "2024-11-22 02:00:14 +0000"
    },
    "done": true
  },
  "tfc:crafting/wood/chestnut_support": {
    "criteria": {
      "has_item": "2024-11-22 04:12:13 +0000"
    },
    "done": true
  },
  "astikorcarts:crafting/supply_cart/pine": {
    "criteria": {
      "has_wheel": "2024-11-22 02:00:14 +0000"
    },
    "done": true
  },
  "smallships:recipes/transportation/birch_cog": {
    "criteria": {
      "in_water": "2024-11-22 02:25:14 +0000"
    },
    "done": true
  },
  "astikorcarts:crafting/animal_cart/wenge": {
    "criteria": {
      "has_wheel": "2024-11-22 02:00:14 +0000"
    },
    "done": true
  },
  "tfc:crafting/rock/shale_brick": {
    "criteria": {
      "has_item": "2024-11-22 02:03:45 +0000"
    },
    "done": true
  },
  "immersivepetroleum:recipes/immersivepetroleum/speedboat": {
    "criteria": {
      "has_the_recipe": "2024-11-22 02:00:12 +0000"
    },
    "done": true
  },
  "minecraft:recipes/decorations/ladder": {
    "criteria": {
      "has_stick": "2024-11-22 02:01:18 +0000"
    },
    "done": true
  },
  "astikorcarts:crafting/animal_cart/marblewood": {
    "criteria": {
      "has_wheel": "2024-11-22 02:00:14 +0000"
    },
    "done": true
  },
  "minecraft:recipes/decorations/chest": {
    "criteria": {
      "has_lots_of_items": "2024-11-22 02:07:15 +0000"
    },
    "done": true
  },
  "astikorcarts:crafting/plow/yew": {
    "criteria": {
      "has_wheel": "2024-11-22 02:00:14 +0000"
    },
    "done": true
  },
  "astikorcarts:crafting/plow/sycamore": {
    "criteria": {
      "has_wheel": "2024-11-22 02:00:14 +0000"
    },
    "done": true
  },
  "minecraft:recipes/tools/wooden_shovel": {
    "criteria": {
      "has_stick": "2024-11-22 02:01:18 +0000"
    },
    "done": true
  },
  "tfc:crafting/wood/blackwood_support": {
    "criteria": {
      "has_item": "2024-11-22 04:12:13 +0000"
    },
    "done": true
  },
  "astikorcarts:crafting/animal_cart/white_mangrove": {
    "criteria": {
      "has_wheel": "2024-11-22 02:00:14 +0000"
    },
    "done": true
  },
  "mcwfences:recipes/stone": {
    "criteria": {
      "has_stone": "2024-11-22 02:00:14 +0000"
    },
    "done": true
  },
  "astikorcarts:crafting/animal_cart/yellow_jacaranda": {
    "criteria": {
      "has_wheel": "2024-11-22 02:00:14 +0000"
    },
    "done": true
  },
  "smallships:recipes/transportation/acacia_galley": {
    "criteria": {
      "in_water": "2024-11-22 02:25:14 +0000"
    },
    "done": true
  },
  "astikorcarts:crafting/plow/locust": {
    "criteria": {
      "has_wheel": "2024-11-22 02:00:14 +0000"
    },
    "done": true
  },
  "astikorcarts:crafting/plow/sweetgum": {
    "criteria": {
      "has_wheel": "2024-11-22 02:00:14 +0000"
    },
    "done": true
  },
  "mcw_tfc_aio:recipes/sycamore": {
    "criteria": {
      "has_sycamore": "2024-11-22 02:00:14 +0000"
    },
    "done": true
  },
  "tfc:crafting/rock/shale_raw_stairs": {
    "criteria": {
      "has_item": "2024-11-23 01:44:37 +0000"
    },
    "done": true
  },
  "astikorcarts:crafting/supply_cart/kapok": {
    "criteria": {
      "has_wheel": "2024-11-22 02:00:14 +0000"
    },
    "done": true
  },
  "astikorcarts:crafting/plow/common_oak": {
    "criteria": {
      "has_wheel": "2024-11-22 02:00:14 +0000"
    },
    "done": true
  },
  "astikorcarts:crafting/plow/fever": {
    "criteria": {
      "has_wheel": "2024-11-22 02:00:14 +0000"
    },
    "done": true
  },
  "immersivepetroleum:recipes/immersivepetroleum/projector": {
    "criteria": {
      "has_the_recipe": "2024-11-22 02:00:12 +0000"
    },
    "done": true
  },
  "mcwfences:recipes/jungle": {
    "criteria": {
      "has_jungle": "2024-11-22 02:00:14 +0000"
    },
    "done": true
  },
  "astikorcarts:crafting/plow/hickory": {
    "criteria": {
      "has_wheel": "2024-11-22 02:00:14 +0000"
    },
    "done": true
  },
  "astikorcarts:crafting/supply_cart/hickory": {
    "criteria": {
      "has_wheel": "2024-11-22 02:00:14 +0000"
    },
    "done": true
  },
  "tfc:crafting/rock/shale_raw_slab": {
    "criteria": {
      "has_item": "2024-11-23 01:44:37 +0000"
    },
    "done": true
  },
  "astikorcarts:crafting/animal_cart/pink_ipe": {
    "criteria": {
      "has_wheel": "2024-11-22 02:00:14 +0000"
    },
    "done": true
  },
  "astikorcarts:crafting/plow/cocobolo": {
    "criteria": {
      "has_wheel": "2024-11-22 02:00:14 +0000"
    },
    "done": true
  },
  "securitycraft:recipes/securitycraft/reinforced_dark_oak_fence_gate": {
    "criteria": {
      "has_stick": "2024-11-22 02:01:18 +0000"
    },
    "done": true
  },
  "securitycraft:recipes/securitycraft/reinforced_andesite_with_vanilla_cobblestone": {
    "criteria": {
      "has_cobblestone": "2024-11-23 01:44:37 +0000"
    },
    "done": true
  },
  "astikorcarts:crafting/animal_cart/willow": {
    "criteria": {
      "has_wheel": "2024-11-22 02:00:14 +0000"
    },
    "done": true
  },
  "mcwfences:recipes/oak": {
    "criteria": {
      "has_oak": "2024-11-22 02:00:14 +0000"
    },
    "done": true
  },
  "tfc:crafting/wood/maple_lumber_log": {
    "criteria": {
      "has_item": "2024-11-22 02:30:33 +0000"
    },
    "done": true
  },
  "tfc:world/hunter": {
    "criteria": {
      "special_condition": "2024-11-22 03:09:18 +0000"
    },
    "done": true
  },
  "tfc:crafting/wood/birch_support": {
    "criteria": {
      "has_item": "2024-11-22 04:12:13 +0000"
    },
    "done": true
  },
  "mcwfences:recipes/end": {
    "criteria": {
      "has_end_brick": "2024-11-22 02:00:14 +0000"
    },
    "done": true
  },
  "astikorcarts:crafting/animal_cart/common_oak": {
    "criteria": {
      "has_wheel": "2024-11-22 02:00:14 +0000"
    },
    "done": true
  },
  "astikorcarts:crafting/plow/rubber_fig": {
    "criteria": {
      "has_wheel": "2024-11-22 02:00:14 +0000"
    },
    "done": true
  },
  "astikorcarts:crafting/animal_cart/persimmon": {
    "criteria": {
      "has_wheel": "2024-11-22 02:00:14 +0000"
    },
    "done": true
  },
  "compactcrafting:recipes/compactcrafting/field_projector": {
    "criteria": {
      "got_ender_eye": "2024-11-22 02:00:14 +0000"
    },
    "done": true
  },
  "tfc:crafting/wood/acacia_support": {
    "criteria": {
      "has_item": "2024-11-22 04:12:13 +0000"
    },
    "done": true
  },
  "firmalife:crafting/spoon": {
    "criteria": {
      "has_item": "2024-11-22 02:01:18 +0000"
    },
    "done": true
  },
  "minecraft:recipes/brewing/golden_carrot": {
    "criteria": {
      "has_gold_nugget": "2024-11-22 03:54:40 +0000"
    },
    "done": true
  },
  "astikorcarts:crafting/animal_cart/blackwood": {
    "criteria": {
      "has_wheel": "2024-11-22 02:00:14 +0000"
    },
    "done": true
  },
  "tfc:crafting/rock/shale_cobble_slab": {
    "criteria": {
      "has_item": "2024-11-23 01:44:37 +0000"
    },
    "done": true
  },
  "astikorcarts:crafting/animal_cart/syzygium": {
    "criteria": {
      "has_wheel": "2024-11-22 02:00:14 +0000"
    },
    "done": true
  },
  "tfc:crafting/daub": {
    "criteria": {
      "has_item": "2024-11-22 02:23:20 +0000"
    },
    "done": true
  },
  "astikorcarts:crafting/plow/purpleheart": {
    "criteria": {
      "has_wheel": "2024-11-22 02:00:14 +0000"
    },
    "done": true
  },
  "tfc:crafting/nest_box": {
    "criteria": {
      "has_item": "2024-11-22 04:13:01 +0000"
    },
    "done": true
  },
  "astikorcarts:crafting/plow/white_cherry_blossom": {
    "criteria": {
      "has_wheel": "2024-11-22 02:00:14 +0000"
    },
    "done": true
  },
  "astikorcarts:crafting/supply_cart/sorb": {
    "criteria": {
      "has_wheel": "2024-11-22 02:00:14 +0000"
    },
    "done": true
  },
  "tfc:crafting/wood/chestnut_fence": {
    "criteria": {
      "has_item": "2024-11-22 04:13:01 +0000"
    },
    "done": true
  },
  "astikorcarts:crafting/supply_cart/persimmon": {
    "criteria": {
      "has_wheel": "2024-11-22 02:00:14 +0000"
    },
    "done": true
  },
  "astikorcarts:crafting/supply_cart/blackwood": {
    "criteria": {
      "has_wheel": "2024-11-22 02:00:14 +0000"
    },
    "done": true
  },
  "naturescompass:natures_compass_sapling": {
    "criteria": {
      "has_recipe": "2024-11-22 02:00:14 +0000"
    },
    "done": true
  },
  "firmalife:crafting/beehive_frame": {
    "criteria": {
      "has_item": "2024-11-22 04:13:01 +0000"
    },
    "done": true
  },
  "astikorcarts:crafting/supply_cart/red_elm": {
    "criteria": {
      "has_wheel": "2024-11-22 02:00:14 +0000"
    },
    "done": true
  },
  "astikorcarts:crafting/animal_cart/hickory": {
    "criteria": {
      "has_wheel": "2024-11-22 02:00:14 +0000"
    },
    "done": true
  },
  "securitycraft:recipes/securitycraft/reinforced_spruce_fence_gate": {
    "criteria": {
      "has_stick": "2024-11-22 02:01:18 +0000"
    },
    "done": true
  },
  "minecraft:recipes/misc/brick": {
    "criteria": {
      "has_clay_ball": "2024-11-22 03:21:19 +0000"
    },
    "done": true
  },
  "astikorcarts:crafting/plow/mahoe": {
    "criteria": {
      "has_wheel": "2024-11-22 02:00:14 +0000"
    },
    "done": true
  },
  "chiselsandbits:recipes/chiselsandbits/chisel_iron": {
    "criteria": {
      "has_rod": "2024-11-22 02:01:18 +0000"
    },
    "done": true
  },
  "tfc:stonecutting/rock/shale_cobble_stairs": {
    "criteria": {
      "has_item": "2024-11-23 01:44:37 +0000"
    },
    "done": true
  },
  "astikorcarts:crafting/animal_cart/red_elm": {
    "criteria": {
      "has_wheel": "2024-11-22 02:00:14 +0000"
    },
    "done": true
  },
  "astikorcarts:crafting/supply_cart/sloe": {
    "criteria": {
      "has_wheel": "2024-11-22 02:00:14 +0000"
    },
    "done": true
  },
  "astikorcarts:crafting/plow/messmate": {
    "criteria": {
      "has_wheel": "2024-11-22 02:00:14 +0000"
    },
    "done": true
  },
  "immersivepetroleum:recipes/immersivepetroleum/asphalt": {
    "criteria": {
      "has_the_recipe": "2024-11-22 02:00:12 +0000"
    },
    "done": true
  },
  "astikorcarts:crafting/animal_cart/quince": {
    "criteria": {
      "has_wheel": "2024-11-22 02:00:14 +0000"
    },
    "done": true
  },
  "astikorcarts:crafting/plow/willow": {
    "criteria": {
      "has_wheel": "2024-11-22 02:00:14 +0000"
    },
    "done": true
  },
  "astikorcarts:crafting/supply_cart/sycamore": {
    "criteria": {
      "has_wheel": "2024-11-22 02:00:14 +0000"
    },
    "done": true
  },
  "betterpunching:recipes/tools/flint_hatchet": {
    "criteria": {
      "has_flint": "2024-11-22 03:30:37 +0000"
    },
    "done": true
  },
  "astikorcarts:crafting/plow/spruce": {
    "criteria": {
      "has_wheel": "2024-11-22 02:00:14 +0000"
    },
    "done": true
  },
  "securitycraft:recipes/securitycraft/reinforced_crimson_fence_gate": {
    "criteria": {
      "has_stick": "2024-11-22 02:01:18 +0000"
    },
    "done": true
  },
  "smallships:recipes/transportation/oak_brigg": {
    "criteria": {
      "in_water": "2024-11-22 02:25:14 +0000"
    },
    "done": true
  },
  "exnihilosequentia:recipes/exnihilosequentia/ens_cooked_silkworm_blast": {
    "criteria": {
      "has_silkworm": "2024-11-22 04:42:42 +0000"
    },
    "done": true
  },
  "astikorcarts:crafting/supply_cart/cypress": {
    "criteria": {
      "has_wheel": "2024-11-22 02:00:14 +0000"
    },
    "done": true
  },
  "immersivepetroleum:recipes/building_blocks/exposed_cut_copper_stairs_paraffin_waxed": {
    "criteria": {
      "has_the_recipe": "2024-11-22 02:00:12 +0000"
    },
    "done": true
  },
  "smallships:recipes/transportation/birch_galley": {
    "criteria": {
      "in_water": "2024-11-22 02:25:14 +0000"
    },
    "done": true
  },
  "astikorcarts:crafting/plow/yellow_meranti": {
    "criteria": {
      "has_wheel": "2024-11-22 02:00:14 +0000"
    },
    "done": true
  },
  "mcw_tfc_aio:recipes/douglas_fir": {
    "criteria": {
      "has_douglas_fir": "2024-11-22 02:00:14 +0000"
    },
    "done": true
  },
  "astikorcarts:crafting/animal_cart/mahogany": {
    "criteria": {
      "has_wheel": "2024-11-22 02:00:14 +0000"
    },
    "done": true
  },
  "astikorcarts:crafting/plow/black_willow": {
    "criteria": {
      "has_wheel": "2024-11-22 02:00:14 +0000"
    },
    "done": true
  },
  "tfc:world/bear_hunter": {
    "criteria": {
      "special_condition": "2024-11-22 03:09:18 +0000"
    },
    "done": true
  },
  "astikorcarts:crafting/plow/rowan": {
    "criteria": {
      "has_wheel": "2024-11-22 02:00:14 +0000"
    },
    "done": true
  },
  "astikorcarts:crafting/plow/logwood": {
    "criteria": {
      "has_wheel": "2024-11-22 02:00:14 +0000"
    },
    "done": true
  },
  "securitycraft:recipes/securitycraft/reinforced_jungle_fence": {
    "criteria": {
      "has_stick": "2024-11-22 02:01:18 +0000"
    },
    "done": true
  },
  "tfc:story/barrel": {
    "criteria": {
      "barrels": "2024-11-22 04:16:04 +0000"
    },
    "done": true
  },
  "minecraft:unlock_deep_pockets_book": {
    "criteria": {
      "exists": "2024-11-22 02:00:13 +0000"
    },
    "done": true
  },
  "tfc:crafting/rock/shale_loose_rocks_to_cobble": {
    "criteria": {
      "has_item": "2024-11-22 02:03:45 +0000"
    },
    "done": true
  },
  "astikorcarts:crafting/supply_cart/sweetgum": {
    "criteria": {
      "has_wheel": "2024-11-22 02:00:14 +0000"
    },
    "done": true
  },
  "astikorcarts:crafting/plow/white_cedar": {
    "criteria": {
      "has_wheel": "2024-11-22 02:00:14 +0000"
    },
    "done": true
  },
  "tfc:crafting/vanilla/hay_bale": {
    "criteria": {
      "has_item": "2024-11-22 02:23:20 +0000"
    },
    "done": true
  },
  "astikorcarts:crafting/plow/african_padauk": {
    "criteria": {
      "has_wheel": "2024-11-22 02:00:14 +0000"
    },
    "done": true
  },
  "mcw_tfc_aio:recipes/quartz": {
    "criteria": {
      "has_qq": "2024-11-22 02:00:14 +0000"
    },
    "done": true
  },
  "astikorcarts:crafting/plow/ash": {
    "criteria": {
      "has_wheel": "2024-11-22 02:00:14 +0000"
    },
    "done": true
  },
  "astikorcarts:crafting/supply_cart/cocobolo": {
    "criteria": {
      "has_wheel": "2024-11-22 02:00:14 +0000"
    },
    "done": true
  },
  "astikorcarts:crafting/animal_cart/palm": {
    "criteria": {
      "has_wheel": "2024-11-22 02:00:14 +0000"
    },
    "done": true
  },
  "immersivepetroleum:recipes/building_blocks/exposed_cut_copper_paraffin_waxed": {
    "criteria": {
      "has_the_recipe": "2024-11-22 02:00:13 +0000"
    },
    "done": true
  },
  "mcw_tfc_aio:recipes/thatch": {
    "criteria": {
      "has_planks": "2024-11-22 02:00:14 +0000"
    },
    "done": true
  },
  "firmalife:crafting/wood/chestnut_hanger": {
    "criteria": {
      "has_item": "2024-11-22 04:13:01 +0000"
    },
    "done": true
  },
  "astikorcarts:crafting/supply_cart/ebony": {
    "criteria": {
      "has_wheel": "2024-11-22 02:00:14 +0000"
    },
    "done": true
  },
  "minecraft:recipes/transportation/acacia_boat": {
    "criteria": {
      "in_water": "2024-11-22 02:25:14 +0000"
    },
    "done": true
  },
  "astikorcarts:crafting/plow/greenheart": {
    "criteria": {
      "has_wheel": "2024-11-22 02:00:14 +0000"
    },
    "done": true
  },
  "farmersdelight:recipes/farmersdelight/cutting_board": {
    "criteria": {
      "has_stick": "2024-11-22 02:01:18 +0000"
    },
    "done": true
  },
  "astikorcarts:crafting/plow/red_elm": {
    "criteria": {
      "has_wheel": "2024-11-22 02:00:14 +0000"
    },
    "done": true
  },
  "tfc:stonecutting/rock/shale_raw_slab": {
    "criteria": {
      "has_item": "2024-11-23 01:44:37 +0000"
    },
    "done": true
  },
  "astikorcarts:crafting/animal_cart/hornbeam": {
    "criteria": {
      "has_wheel": "2024-11-22 02:00:14 +0000"
    },
    "done": true
  },
  "minecraft:adventure/root": {
    "criteria": {
      "killed_something": "2024-11-22 03:09:18 +0000"
    },
    "done": true
  },
  "mcwfences:recipes/bamboo": {
    "criteria": {
      "has_bamboo": "2024-11-22 02:00:14 +0000"
    },
    "done": true
  },
  "astikorcarts:crafting/animal_cart/purple_jacaranda": {
    "criteria": {
      "has_wheel": "2024-11-22 02:00:14 +0000"
    },
    "done": true
  },
  "astikorcarts:crafting/animal_cart/rubber_fig": {
    "criteria": {
      "has_wheel": "2024-11-22 02:00:14 +0000"
    },
    "done": true
  },
  "astikorcarts:crafting/animal_cart/argyle_eucalyptus": {
    "criteria": {
      "has_wheel": "2024-11-22 02:00:14 +0000"
    },
    "done": true
  },
  "astikorcarts:crafting/animal_cart/brazilwood": {
    "criteria": {
      "has_wheel": "2024-11-22 02:00:14 +0000"
    },
    "done": true
  },
  "astikorcarts:crafting/animal_cart/hazel": {
    "criteria": {
      "has_wheel": "2024-11-22 02:00:14 +0000"
    },
    "done": true
  },
  "tfc:crafting/vanilla/crafting_table": {
    "criteria": {
      "has_item": "2024-11-22 04:12:13 +0000"
    },
    "done": true
  },
  "astikorcarts:crafting/plow/sequoia": {
    "criteria": {
      "has_wheel": "2024-11-22 02:00:14 +0000"
    },
    "done": true
  },
  "tfc:crafting/wood/spruce_support": {
    "criteria": {
      "has_item": "2024-11-22 04:12:13 +0000"
    },
    "done": true
  },
  "astikorcarts:crafting/animal_cart/aspen": {
    "criteria": {
      "has_wheel": "2024-11-22 02:00:14 +0000"
    },
    "done": true
  },
  "mcw_tfc_aio:recipes/palm": {
    "criteria": {
      "has_palm": "2024-11-22 02:00:14 +0000"
    },
    "done": true
  },
  "exnihilosequentia:recipes/exnihilosequentia/ens_cooked_silkworm": {
    "criteria": {
      "has_silkworm": "2024-11-22 04:42:42 +0000"
    },
    "done": true
  },
  "tfc:crafting/wood/chestnut_trapdoor": {
    "criteria": {
      "has_item": "2024-11-22 04:13:01 +0000"
    },
    "done": true
  },
  "astikorcarts:crafting/animal_cart/limba": {
    "criteria": {
      "has_wheel": "2024-11-22 02:00:14 +0000"
    },
    "done": true
  },
  "astikorcarts:crafting/plow/argyle_eucalyptus": {
    "criteria": {
      "has_wheel": "2024-11-22 02:00:14 +0000"
    },
    "done": true
  },
  "tfc:crafting/wood/chestnut_loom": {
    "criteria": {
      "has_item": "2024-11-22 04:13:01 +0000"
    },
    "done": true
  },
  "mcw_tfc_aio:recipes/blackwood": {
    "criteria": {
      "has_blackwood": "2024-11-22 02:00:14 +0000"
    },
    "done": true
  },
  "astikorcarts:crafting/plow/bald_cypress": {
    "criteria": {
      "has_wheel": "2024-11-22 02:00:14 +0000"
    },
    "done": true
  },
  "astikorcarts:crafting/supply_cart/yellow_ipe": {
    "criteria": {
      "has_wheel": "2024-11-22 02:00:14 +0000"
    },
    "done": true
  },
  "tfc:crafting/rock/shale_hardened": {
    "criteria": {
      "has_item": "2024-11-23 01:44:37 +0000"
    },
    "done": true
  },
  "tfc:crafting/wood/chestnut_wood": {
    "criteria": {
      "has_item": "2024-11-22 03:37:22 +0000"
    },
    "done": true
  },
  "exnihilosequentia:recipes/exnihilosequentia/ens_cooked_silkworm_from_campfire": {
    "criteria": {
      "has_silkworm": "2024-11-22 04:42:42 +0000"
    },
    "done": true
  },
  "tfc:stonecutting/rock/shale_cobble_wall": {
    "criteria": {
      "has_item": "2024-11-23 01:44:37 +0000"
    },
    "done": true
  },
  "minecraft:recipes/decorations/fletching_table": {
    "criteria": {
      "has_flint": "2024-11-22 03:30:37 +0000"
    },
    "done": true
  },
  "smallships:recipes/transportation/spruce_brigg": {
    "criteria": {
      "in_water": "2024-11-22 02:25:14 +0000"
    },
    "done": true
  },
  "exnihilosequentia:recipes/exnihilosequentia/ens_porcelain_clay": {
    "criteria": {
      "has_clay": "2024-11-22 03:21:19 +0000"
    },
    "done": true
  },
  "firmalife:crafting/peel": {
    "criteria": {
      "has_item": "2024-11-22 02:01:18 +0000"
    },
    "done": true
  },
  "tfc:crafting/powderkeg": {
    "criteria": {
      "has_item": "2024-11-22 04:13:01 +0000"
    },
    "done": true
  },
  "tfc:story/raw_stone": {
    "criteria": {
      "stone": "2024-11-23 01:44:37 +0000"
    },
    "done": true
  },
  "astikorcarts:crafting/plow/jabuticabeira": {
    "criteria": {
      "has_wheel": "2024-11-22 02:00:14 +0000"
    },
    "done": true
  },
  "exnihilosequentia:recipes/exnihilosequentia/ens_wooden_hammer": {
    "criteria": {
      "has_stick": "2024-11-22 02:01:18 +0000"
    },
    "done": true
  },
  "tfc:story/pit_kiln": {
    "criteria": {
      "special_condition": "2024-11-22 03:36:26 +0000"
    },
    "done": true
  },
  "tfc:crafting/rock/slate_brick": {
    "criteria": {
      "has_item": "2024-11-22 02:03:17 +0000"
    },
    "done": true
  },
  "astikorcarts:crafting/animal_cart/medlar": {
    "criteria": {
      "has_wheel": "2024-11-22 02:00:14 +0000"
    },
    "done": true
  },
  "chiselsandbits:recipes/chiselsandbits/chiseled_printer": {
    "criteria": {
      "has_l": "2024-11-22 02:30:33 +0000"
    },
    "done": true
  },
  "tfc:story/firestarter": {
    "criteria": {
      "firestarter": "2024-11-22 03:12:46 +0000"
    },
    "done": true
  },
  "mcw_tfc_aio:recipes/spruce": {
    "criteria": {
      "has_spruce": "2024-11-22 02:00:14 +0000"
    },
    "done": true
  },
  "betterpunching:recipes/combat/flint_dagger": {
    "criteria": {
      "has_flint": "2024-11-22 03:30:37 +0000"
    },
    "done": true
  },
  "securitycraft:recipes/securitycraft/reinforced_warped_fence_gate": {
    "criteria": {
      "has_stick": "2024-11-22 02:01:18 +0000"
    },
    "done": true
  },
  "mcw_tfc_aio:recipes/willow": {
    "criteria": {
      "has_willow": "2024-11-22 02:00:14 +0000"
    },
    "done": true
  },
  "astikorcarts:crafting/animal_cart/walnut": {
    "criteria": {
      "has_wheel": "2024-11-22 02:00:14 +0000"
    },
    "done": true
  },
  "astikorcarts:crafting/supply_cart/white_cedar": {
    "criteria": {
      "has_wheel": "2024-11-22 02:00:14 +0000"
    },
    "done": true
  },
  "astikorcarts:crafting/supply_cart/pink_ivory": {
    "criteria": {
      "has_wheel": "2024-11-22 02:00:14 +0000"
    },
    "done": true
  },
  "smallships:recipes/transportation/spruce_cog": {
    "criteria": {
      "in_water": "2024-11-22 02:25:14 +0000"
    },
    "done": true
  },
  "smallships:recipes/transportation/mangrove_drakkar": {
    "criteria": {
      "in_water": "2024-11-22 02:25:14 +0000"
    },
    "done": true
  },
  "mcw_tfc_aio:recipes/concrete": {
    "criteria": {
      "has_planks": "2024-11-22 02:00:14 +0000"
    },
    "done": true
  },
  "astikorcarts:crafting/supply_cart/yellow_jacaranda": {
    "criteria": {
      "has_wheel": "2024-11-22 02:00:14 +0000"
    },
    "done": true
  },
  "tfc:world/adventuring_time": {
    "criteria": {
      "low_canyons": "2024-11-22 02:20:33 +0000",
      "old_mountain_lake": "2024-11-22 02:14:42 +0000",
      "plateau": "2024-11-22 02:03:26 +0000",
      "badlands": "2024-11-22 02:05:20 +0000",
      "old_mountains": "2024-11-22 02:00:13 +0000",
      "hills": "2024-11-22 02:17:23 +0000"
    },
    "done": false
  },
  "immersivepetroleum:recipes/immersivepetroleum/upgrade_tank": {
    "criteria": {
      "has_the_recipe": "2024-11-22 02:00:13 +0000"
    },
    "done": true
  },
  "securitycraft:recipes/securitycraft/reinforced_crimson_fence": {
    "criteria": {
      "has_stick": "2024-11-22 02:01:18 +0000"
    },
    "done": true
  },
  "tfc:crafting/stone/axe_sedimentary": {
    "criteria": {
      "has_item": "2024-11-22 02:27:16 +0000"
    },
    "done": true
  },
  "immersiveengineering:recipes/immersiveengineering/crafting/cokebrick": {
    "criteria": {
      "has_item": "2024-11-22 03:21:19 +0000"
    },
    "done": true
  },
  "astikorcarts:crafting/plow/maclura": {
    "criteria": {
      "has_wheel": "2024-11-22 02:00:14 +0000"
    },
    "done": true
  },
  "astikorcarts:crafting/animal_cart/ironwood": {
    "criteria": {
      "has_wheel": "2024-11-22 02:00:14 +0000"
    },
    "done": true
  },
  "adchimneys:recipes/advanced_chimneys/stone_chimney": {
    "criteria": {
      "has_item": "2024-11-23 01:44:37 +0000"
    },
    "done": true
  },
  "astikorcarts:crafting/plow/butternut": {
    "criteria": {
      "has_wheel": "2024-11-22 02:00:14 +0000"
    },
    "done": true
  },
  "tfc:crafting/thatch": {
    "criteria": {
      "has_item": "2024-11-22 02:23:20 +0000"
    },
    "done": true
  },
  "mcw_tfc_aio:recipes/rosewood": {
    "criteria": {
      "has_rosewood": "2024-11-22 02:00:14 +0000"
    },
    "done": true
  },
  "mcwfences:recipes/deepslate": {
    "criteria": {
      "has_deepslate": "2024-11-22 02:00:14 +0000"
    },
    "done": true
  },
  "astikorcarts:crafting/plow/angelim": {
    "criteria": {
      "has_wheel": "2024-11-22 02:00:14 +0000"
    },
    "done": true
  },
  "tfc:crafting/wood/aspen_support": {
    "criteria": {
      "has_item": "2024-11-22 04:12:13 +0000"
    },
    "done": true
  },
  "tfc:story/root": {
    "criteria": {
      "in_game_condition": "2024-11-22 02:00:13 +0000"
    },
    "done": true
  },
  "smallships:recipes/transportation/acacia_cog": {
    "criteria": {
      "in_water": "2024-11-22 02:25:14 +0000"
    },
    "done": true
  },
  "twilightforest:alt/compat/ie_shaders": {
    "criteria": {
      "ie_masterwork": "2024-11-22 02:00:14 +0000",
      "ie_uncommon": "2024-11-22 02:00:14 +0000",
      "tf_masterwork": "2024-11-22 02:00:14 +0000",
      "tf_uncommon": "2024-11-22 02:00:14 +0000",
      "tf_common": "2024-11-22 02:00:14 +0000",
      "ie_rare": "2024-11-22 02:00:14 +0000",
      "ie_shader": "2024-11-22 02:00:14 +0000",
      "ie_common": "2024-11-22 02:00:14 +0000",
      "ie_twilight": "2024-11-22 02:00:14 +0000",
      "tf_epic": "2024-11-22 02:00:14 +0000",
      "ie_epic": "2024-11-22 02:00:14 +0000",
      "tf_twilight": "2024-11-22 02:00:14 +0000",
      "tf_shader": "2024-11-22 02:00:14 +0000",
      "tf_rare": "2024-11-22 02:00:14 +0000"
    },
    "done": true
  },
  "astikorcarts:crafting/supply_cart/purpleheart": {
    "criteria": {
      "has_wheel": "2024-11-22 02:00:14 +0000"
    },
    "done": true
  },
  "astikorcarts:crafting/animal_cart/yew": {
    "criteria": {
      "has_wheel": "2024-11-22 02:00:14 +0000"
    },
    "done": true
  },
  "mcw_tfc_aio:recipes/chestnut": {
    "criteria": {
      "has_chestnut": "2024-11-22 02:00:14 +0000"
    },
    "done": true
  },
  "astikorcarts:crafting/supply_cart/maclura": {
    "criteria": {
      "has_wheel": "2024-11-22 02:00:14 +0000"
    },
    "done": true
  },
  "astikorcarts:crafting/plow/wenge": {
    "criteria": {
      "has_wheel": "2024-11-22 02:00:14 +0000"
    },
    "done": true
  },
  "immersivepetroleum:recipes/building_blocks/weathered_copper_paraffin_waxed": {
    "criteria": {
      "has_the_recipe": "2024-11-22 02:00:13 +0000"
    },
    "done": true
  },
  "astikorcarts:crafting/plow/black_walnut": {
    "criteria": {
      "has_wheel": "2024-11-22 02:00:14 +0000"
    },
    "done": true
  },
  "astikorcarts:crafting/animal_cart/iroko": {
    "criteria": {
      "has_wheel": "2024-11-22 02:00:14 +0000"
    },
    "done": true
  },
  "astikorcarts:crafting/animal_cart/kauri": {
    "criteria": {
      "has_wheel": "2024-11-22 02:00:14 +0000"
    },
    "done": true
  },
  "tfc:crafting/dough/wheat_dough_8": {
    "criteria": {
      "has_item": "2024-11-22 02:38:19 +0000"
    },
    "done": true
  },
  "tfc:crafting/dough/wheat_dough_7": {
    "criteria": {
      "has_item": "2024-11-22 02:38:19 +0000"
    },
    "done": true
  },
  "astikorcarts:crafting/supply_cart/buxus": {
    "criteria": {
      "has_wheel": "2024-11-22 02:00:14 +0000"
    },
    "done": true
  },
  "tfc:crafting/dough/wheat_dough_6": {
    "criteria": {
      "has_item": "2024-11-22 02:38:19 +0000"
    },
    "done": true
  },
  "astikorcarts:crafting/animal_cart/buxus": {
    "criteria": {
      "has_wheel": "2024-11-22 02:00:14 +0000"
    },
    "done": true
  },
  "astikorcarts:crafting/animal_cart/hemlock": {
    "criteria": {
      "has_wheel": "2024-11-22 02:00:14 +0000"
    },
    "done": true
  },
  "astikorcarts:crafting/supply_cart/red_cypress": {
    "criteria": {
      "has_wheel": "2024-11-22 02:00:14 +0000"
    },
    "done": true
  },
  "astikorcarts:crafting/animal_cart/juniper": {
    "criteria": {
      "has_wheel": "2024-11-22 02:00:14 +0000"
    },
    "done": true
  },
  "tfc:world/seeds": {
    "criteria": {
      "seeds": "2024-11-22 02:04:32 +0000"
    },
    "done": true
  },
  "tfc:crafting/dough/wheat_dough_1": {
    "criteria": {
      "has_item": "2024-11-22 02:38:19 +0000"
    },
    "done": true
  },
  "immersivepetroleum:recipes/building_blocks/oxidized_cut_copper_slab_paraffin_waxed": {
    "criteria": {
      "has_the_recipe": "2024-11-22 02:00:12 +0000"
    },
    "done": true
  },
  "astikorcarts:crafting/plow/walnut": {
    "criteria": {
      "has_wheel": "2024-11-22 02:00:14 +0000"
    },
    "done": true
  },
  "smallships:recipes/transportation/oak_cog": {
    "criteria": {
      "in_water": "2024-11-22 02:25:14 +0000"
    },
    "done": true
  },
  "tfc:crafting/dough/wheat_dough_5": {
    "criteria": {
      "has_item": "2024-11-22 02:38:19 +0000"
    },
    "done": true
  },
  "mcw_tfc_aio:recipes/blackstone": {
    "criteria": {
      "has_blackstone": "2024-11-22 02:00:14 +0000"
    },
    "done": true
  },
  "tfc:crafting/dough/wheat_dough_4": {
    "criteria": {
      "has_item": "2024-11-22 02:38:19 +0000"
    },
    "done": true
  },
  "mcw_tfc_aio:recipes/bricks": {
    "criteria": {
      "has_planks": "2024-11-22 02:00:14 +0000"
    },
    "done": true
  },
  "astikorcarts:crafting/animal_cart/redwood": {
    "criteria": {
      "has_wheel": "2024-11-22 02:00:14 +0000"
    },
    "done": true
  },
  "tfc:crafting/dough/wheat_dough_3": {
    "criteria": {
      "has_item": "2024-11-22 02:38:19 +0000"
    },
    "done": true
  },
  "tconstruct:recipes/tconstruct/gadgets/gadgets/frame/gold": {
    "criteria": {
      "has_item": "2024-11-22 03:54:40 +0000"
    },
    "done": true
  },
  "tfc:crafting/wood/kapok_support": {
    "criteria": {
      "has_item": "2024-11-22 04:12:13 +0000"
    },
    "done": true
  },
  "tfc:crafting/dough/wheat_dough_2": {
    "criteria": {
      "has_item": "2024-11-22 02:38:19 +0000"
    },
    "done": true
  },
  "chiselsandbits:recipes/chiselsandbits/measuring_tape": {
    "criteria": {
      "has_s": "2024-11-22 04:38:48 +0000"
    },
    "done": true
  },
  "astikorcarts:crafting/supply_cart/teak": {
    "criteria": {
      "has_wheel": "2024-11-22 02:00:14 +0000"
    },
    "done": true
  },
  "astikorcarts:crafting/supply_cart/hemlock": {
    "criteria": {
      "has_wheel": "2024-11-22 02:00:14 +0000"
    },
    "done": true
  },
  "mcwfences:recipes/warped": {
    "criteria": {
      "has_warped": "2024-11-22 02:00:14 +0000"
    },
    "done": true
  },
  "astikorcarts:crafting/animal_cart/sequoia": {
    "criteria": {
      "has_wheel": "2024-11-22 02:00:14 +0000"
    },
    "done": true
  },
  "astikorcarts:crafting/supply_cart/alder": {
    "criteria": {
      "has_wheel": "2024-11-22 02:00:14 +0000"
    },
    "done": true
  },
  "immersivepetroleum:recipes/building_blocks/weathered_cut_copper_slab_paraffin_waxed": {
    "criteria": {
      "has_the_recipe": "2024-11-22 02:00:13 +0000"
    },
    "done": true
  },
  "tfc:world/all_crops": {
    "criteria": {
      "oat": "2024-11-22 03:19:03 +0000",
      "green_bean": "2024-11-23 01:48:24 +0000",
      "jute": "2024-11-22 03:16:46 +0000",
      "potato": "2024-11-22 02:04:32 +0000",
      "wheat": "2024-11-22 02:15:58 +0000",
      "carrot": "2024-11-22 02:09:18 +0000"
    },
    "done": false
  },
  "minecraft:recipes/building_blocks/clay": {
    "criteria": {
      "has_clay_ball": "2024-11-22 03:21:19 +0000"
    },
    "done": true
  },
  "astikorcarts:crafting/supply_cart/syzygium": {
    "criteria": {
      "has_wheel": "2024-11-22 02:00:14 +0000"
    },
    "done": true
  },
  "securitycraft:recipes/securitycraft/reinforced_birch_fence": {
    "criteria": {
      "has_stick": "2024-11-22 02:01:18 +0000"
    },
    "done": true
  },
  "astikorcarts:crafting/supply_cart/redwood": {
    "criteria": {
      "has_wheel": "2024-11-22 02:00:14 +0000"
    },
    "done": true
  },
  "immersivepetroleum:recipes/immersivepetroleum/seismic_survey_tool": {
    "criteria": {
      "has_the_recipe": "2024-11-22 02:00:12 +0000"
    },
    "done": true
  },
  "astikorcarts:crafting/supply_cart/holly": {
    "criteria": {
      "has_wheel": "2024-11-22 02:00:14 +0000"
    },
    "done": true
  },
  "minecraft:recipes/combat/wooden_sword": {
    "criteria": {
      "has_stick": "2024-11-22 02:01:18 +0000"
    },
    "done": true
  },
  "astikorcarts:crafting/animal_cart/greenheart": {
    "criteria": {
      "has_wheel": "2024-11-22 02:00:14 +0000"
    },
    "done": true
  },
  "astikorcarts:crafting/supply_cart/mahogany": {
    "criteria": {
      "has_wheel": "2024-11-22 02:00:14 +0000"
    },
    "done": true
  },
  "astikorcarts:crafting/animal_cart/holly": {
    "criteria": {
      "has_wheel": "2024-11-22 02:00:14 +0000"
    },
    "done": true
  },
  "tfc:stonecutting/rock/shale_cobble_slab": {
    "criteria": {
      "has_item": "2024-11-23 01:44:37 +0000"
    },
    "done": true
  },
  "tfc:crafting/soil/sandy_loam_mud_4": {
    "criteria": {
      "has_item": "2024-11-22 04:19:25 +0000"
    },
    "done": true
  },
  "tfc:crafting/soil/sandy_loam_mud_3": {
    "criteria": {
      "has_item": "2024-11-22 04:19:25 +0000"
    },
    "done": true
  },
  "tfc:crafting/soil/sandy_loam_mud_6": {
    "criteria": {
      "has_item": "2024-11-22 04:19:25 +0000"
    },
    "done": true
  },
  "tfc:crafting/soil/sandy_loam_mud_5": {
    "criteria": {
      "has_item": "2024-11-22 04:19:25 +0000"
    },
    "done": true
  },
  "tfc:story/get_straw": {
    "criteria": {
      "straw": "2024-11-22 02:23:20 +0000"
    },
    "done": true
  },
  "tfc:crafting/soil/sandy_loam_mud_2": {
    "criteria": {
      "has_item": "2024-11-22 04:19:24 +0000"
    },
    "done": true
  },
  "astikorcarts:crafting/animal_cart/douglas_fir": {
    "criteria": {
      "has_wheel": "2024-11-22 02:00:14 +0000"
    },
    "done": true
  },
  "tfc:crafting/soil/sandy_loam_mud_1": {
    "criteria": {
      "has_item": "2024-11-22 04:19:25 +0000"
    },
    "done": true
  },
  "astikorcarts:crafting/plow/kapok": {
    "criteria": {
      "has_wheel": "2024-11-22 02:00:14 +0000"
    },
    "done": true
  },
  "immersivepetroleum:recipes/immersivepetroleum/auto_lubricator": {
    "criteria": {
      "has_the_recipe": "2024-11-22 02:00:12 +0000"
    },
    "done": true
  },
  "mcw_tfc_aio:recipes/prismarine": {
    "criteria": {
      "has_qq": "2024-11-22 02:00:14 +0000"
    },
    "done": true
  },
  "immersivepetroleum:recipes/immersivepetroleum/upgrade_paddles": {
    "criteria": {
      "has_the_recipe": "2024-11-22 02:00:12 +0000"
    },
    "done": true
  },
  "astikorcarts:crafting/supply_cart/aspen": {
    "criteria": {
      "has_wheel": "2024-11-22 02:00:14 +0000"
    },
    "done": true
  },
  "immersivepetroleum:recipes/immersivepetroleum/flarestack": {
    "criteria": {
      "has_the_recipe": "2024-11-22 02:00:12 +0000"
    },
    "done": true
  },
  "securitycraft:recipes/securitycraft/reinforced_acacia_fence": {
    "criteria": {
      "has_stick": "2024-11-22 02:01:18 +0000"
    },
    "done": true
  },
  "minecraft:recipes/misc/bone_meal": {
    "criteria": {
      "has_bone": "2024-11-22 03:09:31 +0000"
    },
    "done": true
  },
  "astikorcarts:crafting/supply_cart/kauri": {
    "criteria": {
      "has_wheel": "2024-11-22 02:00:14 +0000"
    },
    "done": true
  },
  "immersivepetroleum:recipes/immersivepetroleum/molotov_fabric": {
    "criteria": {
      "has_the_recipe": "2024-11-22 02:00:12 +0000"
    },
    "done": true
  },
  "astikorcarts:crafting/plow/pine": {
    "criteria": {
      "has_wheel": "2024-11-22 02:00:14 +0000"
    },
    "done": true
  },
  "astikorcarts:crafting/animal_cart/bald_cypress": {
    "criteria": {
      "has_wheel": "2024-11-22 02:00:14 +0000"
    },
    "done": true
  },
  "astikorcarts:crafting/animal_cart/african_padauk": {
    "criteria": {
      "has_wheel": "2024-11-22 02:00:14 +0000"
    },
    "done": true
  },
  "astikorcarts:crafting/supply_cart/white_mangrove": {
    "criteria": {
      "has_wheel": "2024-11-22 02:00:14 +0000"
    },
    "done": true
  },
  "mcw_tfc_aio:recipes/deepslate": {
    "criteria": {
      "has_deepslate": "2024-11-22 02:00:14 +0000"
    },
    "done": true
  },
  "astikorcarts:crafting/animal_cart/alder": {
    "criteria": {
      "has_wheel": "2024-11-22 02:00:14 +0000"
    },
    "done": true
  },
  "astikorcarts:crafting/animal_cart/hawthorn": {
    "criteria": {
      "has_wheel": "2024-11-22 02:00:14 +0000"
    },
    "done": true
  },
  "astikorcarts:crafting/supply_cart/butternut": {
    "criteria": {
      "has_wheel": "2024-11-22 02:00:14 +0000"
    },
    "done": true
  },
  "astikorcarts:crafting/animal_cart/cypress": {
    "criteria": {
      "has_wheel": "2024-11-22 02:00:14 +0000"
    },
    "done": true
  },
  "tfc:crafting/composter": {
    "criteria": {
      "has_item": "2024-11-22 04:13:01 +0000"
    },
    "done": true
  },
  "paraglider:recipes/paraglider/paraglider": {
    "criteria": {
      "has_stick": "2024-11-22 02:01:18 +0000"
    },
    "done": true
  },
  "astikorcarts:crafting/animal_cart/maclura": {
    "criteria": {
      "has_wheel": "2024-11-22 02:00:14 +0000"
    },
    "done": true
  },
  "mcw_tfc_aio:recipes/nether": {
    "criteria": {
      "has_nether_brick": "2024-11-22 02:00:14 +0000"
    },
    "done": true
  },
  "minecraft:recipes/combat/crossbow": {
    "criteria": {
      "has_stick": "2024-11-22 02:01:18 +0000"
    },
    "done": true
  },
  "tfc:crafting/soil/sandy_loam_mud_8": {
    "criteria": {
      "has_item": "2024-11-22 04:19:25 +0000"
    },
    "done": true
  },
  "tfc:crafting/soil/sandy_loam_mud_7": {
    "criteria": {
      "has_item": "2024-11-22 04:19:25 +0000"
    },
    "done": true
  },
  "tfc:crafting/wood/pine_support": {
    "criteria": {
      "has_item": "2024-11-22 04:12:13 +0000"
    },
    "done": true
  },
  "tfc:crafting/wood/chestnut_bookshelf": {
    "criteria": {
      "has_item": "2024-11-22 04:13:01 +0000"
    },
    "done": true
  },
  "astikorcarts:crafting/supply_cart/iroko": {
    "criteria": {
      "has_wheel": "2024-11-22 02:00:14 +0000"
    },
    "done": true
  },
  "astikorcarts:crafting/supply_cart/greenheart": {
    "criteria": {
      "has_wheel": "2024-11-22 02:00:14 +0000"
    },
    "done": true
  },
  "astikorcarts:crafting/plow/white_ipe": {
    "criteria": {
      "has_wheel": "2024-11-22 02:00:14 +0000"
    },
    "done": true
  },
  "astikorcarts:crafting/plow/sorb": {
    "criteria": {
      "has_wheel": "2024-11-22 02:00:14 +0000"
    },
    "done": true
  },
  "tfc:crafting/handstone": {
    "criteria": {
      "has_item": "2024-11-23 01:44:37 +0000"
    },
    "done": true
  },
  "astikorcarts:crafting/supply_cart/spruce": {
    "criteria": {
      "has_wheel": "2024-11-22 02:00:14 +0000"
    },
    "done": true
  },
  "astikorcarts:crafting/animal_cart/logwood": {
    "criteria": {
      "has_wheel": "2024-11-22 02:00:14 +0000"
    },
    "done": true
  },
  "tfc:crafting/wood/hickory_support": {
    "criteria": {
      "has_item": "2024-11-22 04:12:13 +0000"
    },
    "done": true
  },
  "astikorcarts:crafting/animal_cart/ash": {
    "criteria": {
      "has_wheel": "2024-11-22 02:00:14 +0000"
    },
    "done": true
  },
  "firmaciv:recipes/kayak_paddle": {
    "criteria": {
      "has_item": "2024-11-22 04:13:01 +0000"
    },
    "done": true
  },
  "immersivepetroleum:recipes/building_blocks/cut_copper_slab_paraffin_waxed": {
    "criteria": {
      "has_the_recipe": "2024-11-22 02:00:12 +0000"
    },
    "done": true
  },
  "securitycraft:recipes/securitycraft/reinforced_diorite": {
    "criteria": {
      "has_cobblestone": "2024-11-23 01:44:37 +0000"
    },
    "done": true
  },
  "firmalife:story/root": {
    "criteria": {
      "in_game_condition": "2024-11-22 02:00:13 +0000"
    },
    "done": true
  },
  "astikorcarts:crafting/plow/joshua": {
    "criteria": {
      "has_wheel": "2024-11-22 02:00:14 +0000"
    },
    "done": true
  },
  "astikorcarts:crafting/plow/whitebeam": {
    "criteria": {
      "has_wheel": "2024-11-22 02:00:14 +0000"
    },
    "done": true
  },
  "lootr:root": {
    "criteria": {
      "always_true": "2024-11-22 02:00:13 +0000"
    },
    "done": true
  },
  "astikorcarts:crafting/animal_cart/zebrawood": {
    "criteria": {
      "has_wheel": "2024-11-22 02:00:14 +0000"
    },
    "done": true
  },
  "astikorcarts:crafting/animal_cart/chestnut": {
    "criteria": {
      "has_wheel": "2024-11-22 02:00:14 +0000"
    },
    "done": true
  },
  "astikorcarts:crafting/animal_cart/beech": {
    "criteria": {
      "has_wheel": "2024-11-22 02:00:14 +0000"
    },
    "done": true
  },
  "mcwfences:recipes/blackstone": {
    "criteria": {
      "has_blackstone": "2024-11-22 02:00:14 +0000"
    },
    "done": true
  },
  "smallships:recipes/transportation/oak_drakkar": {
    "criteria": {
      "in_water": "2024-11-22 02:25:14 +0000"
    },
    "done": true
  },
  "astikorcarts:crafting/plow/marblewood": {
    "criteria": {
      "has_wheel": "2024-11-22 02:00:14 +0000"
    },
    "done": true
  },
  "astikorcarts:crafting/plow/ebony": {
    "criteria": {
      "has_wheel": "2024-11-22 02:00:14 +0000"
    },
    "done": true
  },
  "astikorcarts:crafting/animal_cart/rosewood": {
    "criteria": {
      "has_wheel": "2024-11-22 02:00:14 +0000"
    },
    "done": true
  },
  "tfc:world/pan": {
    "criteria": {
      "pan/empty": "2024-11-22 03:48:53 +0000"
    },
    "done": true
  },
  "astikorcarts:crafting/plow/laurel": {
    "criteria": {
      "has_wheel": "2024-11-22 02:00:14 +0000"
    },
    "done": true
  },
  "astikorcarts:crafting/supply_cart/common_oak": {
    "criteria": {
      "has_wheel": "2024-11-22 02:00:14 +0000"
    },
    "done": true
  },
  "astikorcarts:crafting/plow/syzygium": {
    "criteria": {
      "has_wheel": "2024-11-22 02:00:14 +0000"
    },
    "done": true
  },
  "astikorcarts:crafting/supply_cart/red_mangrove": {
    "criteria": {
      "has_wheel": "2024-11-22 02:00:14 +0000"
    },
    "done": true
  },
  "astikorcarts:crafting/animal_cart/ebony": {
    "criteria": {
      "has_wheel": "2024-11-22 02:00:14 +0000"
    },
    "done": true
  },
  "smallships:recipes/transportation/dark_oak_drakkar": {
    "criteria": {
      "in_water": "2024-11-22 02:25:14 +0000"
    },
    "done": true
  },
  "tfc:crafting/wood/douglas_fir_support": {
    "criteria": {
      "has_item": "2024-11-22 04:12:13 +0000"
    },
    "done": true
  },
  "mcw_tfc_aio:recipes/sequoia": {
    "criteria": {
      "has_sequoia": "2024-11-22 02:00:14 +0000"
    },
    "done": true
  },
  "astikorcarts:crafting/supply_cart/norway_spruce": {
    "criteria": {
      "has_wheel": "2024-11-22 02:00:14 +0000"
    },
    "done": true
  },
  "astikorcarts:crafting/supply_cart/rowan": {
    "criteria": {
      "has_wheel": "2024-11-22 02:00:14 +0000"
    },
    "done": true
  },
  "astikorcarts:crafting/supply_cart/logwood": {
    "criteria": {
      "has_wheel": "2024-11-22 02:00:14 +0000"
    },
    "done": true
  },
  "securitycraft:recipes/securitycraft/reinforced_warped_fence": {
    "criteria": {
      "has_stick": "2024-11-22 02:01:18 +0000"
    },
    "done": true
  },
  "solcarrot:recipes/food_book": {
    "criteria": {
      "has_book": "2024-11-22 02:00:14 +0000",
      "has_carrot": "2024-11-22 02:00:14 +0000"
    },
    "done": true
  },
  "astikorcarts:crafting/supply_cart/beech": {
    "criteria": {
      "has_wheel": "2024-11-22 02:00:14 +0000"
    },
    "done": true
  },
  "tfc:crafting/stone/shovel_sedimentary": {
    "criteria": {
      "has_item": "2024-11-22 02:29:21 +0000"
    },
    "done": true
  },
  "astikorcarts:crafting/animal_cart/red_cedar": {
    "criteria": {
      "has_wheel": "2024-11-22 02:00:14 +0000"
    },
    "done": true
  },
  "astikorcarts:crafting/animal_cart/red_cypress": {
    "criteria": {
      "has_wheel": "2024-11-22 02:00:14 +0000"
    },
    "done": true
  },
  "smallships:recipes/misc/sail": {
    "criteria": {
      "in_water": "2024-11-22 02:25:14 +0000"
    },
    "done": true
  },
  "tconstruct:recipes/tconstruct/gadgets/gadgets/shuriken/flint_shuriken": {
    "criteria": {
      "has_item": "2024-11-22 03:30:37 +0000"
    },
    "done": true
  },
  "astikorcarts:crafting/animal_cart/jabuticabeira": {
    "criteria": {
      "has_wheel": "2024-11-22 02:00:14 +0000"
    },
    "done": true
  },
  "astikorcarts:crafting/supply_cart/juniper": {
    "criteria": {
      "has_wheel": "2024-11-22 02:00:14 +0000"
    },
    "done": true
  },
  "immersivepetroleum:recipes/building_blocks/weathered_cut_copper_paraffin_waxed": {
    "criteria": {
      "has_the_recipe": "2024-11-22 02:00:13 +0000"
    },
    "done": true
  },
  "astikorcarts:crafting/animal_cart/baobab": {
    "criteria": {
      "has_wheel": "2024-11-22 02:00:14 +0000"
    },
    "done": true
  },
  "astikorcarts:crafting/plow/white_elm": {
    "criteria": {
      "has_wheel": "2024-11-22 02:00:14 +0000"
    },
    "done": true
  },
  "smallships:recipes/transportation/oak_galley": {
    "criteria": {
      "in_water": "2024-11-22 02:25:14 +0000"
    },
    "done": true
  },
  "astikorcarts:crafting/supply_cart/maple": {
    "criteria": {
      "has_wheel": "2024-11-22 02:00:14 +0000"
    },
    "done": true
  },
  "astikorcarts:crafting/plow/persimmon": {
    "criteria": {
      "has_wheel": "2024-11-22 02:00:14 +0000"
    },
    "done": true
  },
  "astikorcarts:crafting/animal_cart/acacia": {
    "criteria": {
      "has_wheel": "2024-11-22 02:00:14 +0000"
    },
    "done": true
  },
  "immersivepetroleum:recipes/building_blocks/weathered_cut_copper_stairs_paraffin_waxed": {
    "criteria": {
      "has_the_recipe": "2024-11-22 02:00:13 +0000"
    },
    "done": true
  },
  "astikorcarts:crafting/supply_cart/douglas_fir": {
    "criteria": {
      "has_wheel": "2024-11-22 02:00:14 +0000"
    },
    "done": true
  },
  "astikorcarts:crafting/supply_cart/sequoia": {
    "criteria": {
      "has_wheel": "2024-11-22 02:00:14 +0000"
    },
    "done": true
  },
  "mcw_tfc_aio:recipes/white_cedar": {
    "criteria": {
      "has_white_cedar": "2024-11-22 02:00:14 +0000"
    },
    "done": true
  },
  "exnihilosequentia:recipes/exnihilosequentia/ens_golden_hammer": {
    "criteria": {
      "has_stick": "2024-11-22 02:01:18 +0000"
    },
    "done": true
  },
  "astikorcarts:crafting/animal_cart/poplar": {
    "criteria": {
      "has_wheel": "2024-11-22 02:00:14 +0000"
    },
    "done": true
  },
  "mcwfences:recipes/dark_oak": {
    "criteria": {
      "has_dark_oak": "2024-11-22 02:00:14 +0000"
    },
    "done": true
  },
  "securitycraft:recipes/securitycraft/reinforced_oak_fence_gate": {
    "criteria": {
      "has_stick": "2024-11-22 02:01:18 +0000"
    },
    "done": true
  },
  "astikorcarts:crafting/animal_cart/rowan": {
    "criteria": {
      "has_wheel": "2024-11-22 02:00:14 +0000"
    },
    "done": true
  },
  "astikorcarts:crafting/animal_cart/maple": {
    "criteria": {
      "has_wheel": "2024-11-22 02:00:14 +0000"
    },
    "done": true
  },
  "astikorcarts:crafting/supply_cart/palm": {
    "criteria": {
      "has_wheel": "2024-11-22 02:00:14 +0000"
    },
    "done": true
  },
  "astikorcarts:crafting/animal_cart/white_cherry_blossom": {
    "criteria": {
      "has_wheel": "2024-11-22 02:00:14 +0000"
    },
    "done": true
  },
  "astikorcarts:crafting/plow/norway_spruce": {
    "criteria": {
      "has_wheel": "2024-11-22 02:00:14 +0000"
    },
    "done": true
  },
  "tfc:story/knap_clay": {
    "criteria": {
      "unfired_pottery": "2024-11-22 03:34:44 +0000"
    },
    "done": true
  },
  "exnihilosequentia:recipes/exnihilosequentia/ens_diamond_hammer": {
    "criteria": {
      "has_stick": "2024-11-22 02:01:18 +0000"
    },
    "done": true
  },
  "astikorcarts:crafting/animal_cart/black_walnut": {
    "criteria": {
      "has_wheel": "2024-11-22 02:00:14 +0000"
    },
    "done": true
  },
  "exnihilosequentia:recipes/exnihilosequentia/ens_bone_crook": {
    "criteria": {
      "has_pebble": "2024-11-22 03:09:31 +0000"
    },
    "done": true
  },
  "immersivepetroleum:recipes/immersivepetroleum/asphalt_slab": {
    "criteria": {
      "has_the_recipe": "2024-11-22 02:00:12 +0000"
    },
    "done": true
  },
  "compactcrafting:recipes/compactcrafting/base": {
    "criteria": {
      "got_ender_eye": "2024-11-22 02:00:14 +0000"
    },
    "done": true
  },
  "tfc:crafting/wood/chestnut_sign": {
    "criteria": {
      "has_item": "2024-11-22 04:13:01 +0000"
    },
    "done": true
  },
  "tfc:crafting/cake": {
    "criteria": {
      "has_item": "2024-11-22 02:38:19 +0000"
    },
    "done": true
  },
  "immersivepetroleum:recipes/immersivepetroleum/upgrade_reinforced_hull": {
    "criteria": {
      "has_the_recipe": "2024-11-22 02:00:12 +0000"
    },
    "done": true
  },
  "astikorcarts:crafting/supply_cart/quince": {
    "criteria": {
      "has_wheel": "2024-11-22 02:00:14 +0000"
    },
    "done": true
  },
  "tfc:crafting/wood/chestnut_barrel": {
    "criteria": {
      "has_item": "2024-11-22 04:13:01 +0000"
    },
    "done": true
  },
  "astikorcarts:crafting/supply_cart/yew": {
    "criteria": {
      "has_wheel": "2024-11-22 02:00:14 +0000"
    },
    "done": true
  },
  "securitycraft:recipes/securitycraft/reinforced_dark_oak_fence": {
    "criteria": {
      "has_stick": "2024-11-22 02:01:18 +0000"
    },
    "done": true
  },
  "mcw_tfc_aio:recipes/maple": {
    "criteria": {
      "has_maple": "2024-11-22 02:00:14 +0000"
    },
    "done": true
  },
  "astikorcarts:crafting/supply_cart/hornbeam": {
    "criteria": {
      "has_wheel": "2024-11-22 02:00:14 +0000"
    },
    "done": true
  },
  "tfc:crafting/wood/rosewood_support": {
    "criteria": {
      "has_item": "2024-11-22 04:12:13 +0000"
    },
    "done": true
  },
  "astikorcarts:crafting/plow/alder": {
    "criteria": {
      "has_wheel": "2024-11-22 02:00:14 +0000"
    },
    "done": true
  },
  "smallships:recipes/transportation/jungle_drakkar": {
    "criteria": {
      "in_water": "2024-11-22 02:25:14 +0000"
    },
    "done": true
  },
  "astikorcarts:crafting/animal_cart/snow_gum_eucalyptus": {
    "criteria": {
      "has_wheel": "2024-11-22 02:00:14 +0000"
    },
    "done": true
  },
  "compactcrafting:recipes/compactcrafting/match_proxy": {
    "criteria": {
      "got_redstone": "2024-11-22 02:00:14 +0000"
    },
    "done": true
  },
  "tfc:crafting/wood/chestnut_pressure_plate": {
    "criteria": {
      "has_item": "2024-11-22 04:13:01 +0000"
    },
    "done": true
  },
  "astikorcarts:crafting/supply_cart/acacia": {
    "criteria": {
      "has_wheel": "2024-11-22 02:00:14 +0000"
    },
    "done": true
  },
  "securitycraft:recipes/securitycraft/reinforced_spruce_fence": {
    "criteria": {
      "has_stick": "2024-11-22 02:01:18 +0000"
    },
    "done": true
  },
  "astikorcarts:crafting/animal_cart/butternut": {
    "criteria": {
      "has_wheel": "2024-11-22 02:00:14 +0000"
    },
    "done": true
  },
  "betterpunching:recipes/tools/flint_pick": {
    "criteria": {
      "has_flint": "2024-11-22 03:30:37 +0000"
    },
    "done": true
  },
  "tfc:crafting/wood/palm_support": {
    "criteria": {
      "has_item": "2024-11-22 04:12:13 +0000"
    },
    "done": true
  },
  "tfcbarrels:crafting/wood/chestnut_barrel": {
    "criteria": {
      "has_item": "2024-11-22 04:13:01 +0000"
    },
    "done": true
  },
  "astikorcarts:crafting/animal_cart/sweetgum": {
    "criteria": {
      "has_wheel": "2024-11-22 02:00:14 +0000"
    },
    "done": true
  },
  "minecraft:recipes/decorations/campfire": {
    "criteria": {
      "has_stick": "2024-11-22 02:01:18 +0000"
    },
    "done": true
  },
  "astikorcarts:crafting/supply_cart/whitebeam": {
    "criteria": {
      "has_wheel": "2024-11-22 02:00:14 +0000"
    },
    "done": true
  },
  "astikorcarts:crafting/plow/ginkgo": {
    "criteria": {
      "has_wheel": "2024-11-22 02:00:14 +0000"
    },
    "done": true
  },
  "tfc:crafting/wood/maple_support": {
    "criteria": {
      "has_item": "2024-11-22 04:12:13 +0000"
    },
    "done": true
  },
  "astikorcarts:crafting/supply_cart/white_elm": {
    "criteria": {
      "has_wheel": "2024-11-22 02:00:14 +0000"
    },
    "done": true
  },
  "tfc:stonecutting/rock/shale_raw_wall": {
    "criteria": {
      "has_item": "2024-11-23 01:44:37 +0000"
    },
    "done": true
  },
  "exnihilosequentia:recipes/exnihilosequentia/ens_stone_barrel": {
    "criteria": {
      "has_walls": "2024-11-23 01:44:37 +0000"
    },
    "done": true
  },
  "astikorcarts:crafting/plow/pink_ipe": {
    "criteria": {
      "has_wheel": "2024-11-22 02:00:14 +0000"
    },
    "done": true
  },
  "woodenhopper:recipes/redstone/wooden_hopper": {
    "criteria": {
      "has_chest": "2024-11-22 04:20:07 +0000"
    },
    "done": true
  },
  "mcw_tfc_aio:recipes/aspen": {
    "criteria": {
      "has_aspen": "2024-11-22 02:00:14 +0000"
    },
    "done": true
  },
  "astikorcarts:crafting/supply_cart/wenge": {
    "criteria": {
      "has_wheel": "2024-11-22 02:00:14 +0000"
    },
    "done": true
  },
  "astikorcarts:crafting/supply_cart/medlar": {
    "criteria": {
      "has_wheel": "2024-11-22 02:00:14 +0000"
    },
    "done": true
  },
  "immersiveengineering:recipes/decorations/crafting/torch": {
    "criteria": {
      "has_stick": "2024-11-22 02:01:18 +0000"
    },
    "done": true
  },
  "astikorcarts:crafting/plow/douglas_fir": {
    "criteria": {
      "has_wheel": "2024-11-22 02:00:14 +0000"
    },
    "done": true
  },
  "tfc:story/pot": {
    "criteria": {
      "special_condition": "2024-11-22 04:14:10 +0000"
    },
    "done": true
  },
  "astikorcarts:crafting/supply_cart/african_padauk": {
    "criteria": {
      "has_wheel": "2024-11-22 02:00:14 +0000"
    },
    "done": true
  },
  "betterpunching:recipes/tools/flint_spade": {
    "criteria": {
      "has_flint": "2024-11-22 03:30:37 +0000"
    },
    "done": true
  },
  "astikorcarts:crafting/supply_cart/yellow_meranti": {
    "criteria": {
      "has_wheel": "2024-11-22 02:00:14 +0000"
    },
    "done": true
  },
  "securitycraft:recipes/securitycraft/reinforced_oak_fence": {
    "criteria": {
      "has_stick": "2024-11-22 02:01:18 +0000"
    },
    "done": true
  },
  "minecraft:recipes/transportation/spruce_boat": {
    "criteria": {
      "in_water": "2024-11-22 02:25:14 +0000"
    },
    "done": true
  },
  "astikorcarts:crafting/supply_cart/zebrawood": {
    "criteria": {
      "has_wheel": "2024-11-22 02:00:14 +0000"
    },
    "done": true
  },
  "astikorcarts:crafting/supply_cart/black_walnut": {
    "criteria": {
      "has_wheel": "2024-11-22 02:00:14 +0000"
    },
    "done": true
  },
  "astikorcarts:crafting/animal_cart/nordmann_fir": {
    "criteria": {
      "has_wheel": "2024-11-22 02:00:14 +0000"
    },
    "done": true
  },
  "chiselsandbits:recipes/chiselsandbits/chisel_diamond": {
    "criteria": {
      "has_rod": "2024-11-22 02:01:18 +0000"
    },
    "done": true
  },
  "minecraft:recipes/tools/flint_and_steel": {
    "criteria": {
      "has_flint": "2024-11-22 03:30:37 +0000"
    },
    "done": true
  },
  "immersivepetroleum:recipes/immersivepetroleum/asphalt_stair": {
    "criteria": {
      "has_the_recipe": "2024-11-22 02:00:13 +0000"
    },
    "done": true
  },
  "tfc:crafting/vanilla/lectern": {
    "criteria": {
      "has_item": "2024-11-22 04:12:13 +0000"
    },
    "done": true
  },
  "tfc:crafting/wood/white_cedar_support": {
    "criteria": {
      "has_item": "2024-11-22 04:12:13 +0000"
    },
    "done": true
  },
  "astikorcarts:crafting/plow/oak": {
    "criteria": {
      "has_wheel": "2024-11-22 02:00:14 +0000"
    },
    "done": true
  },
  "astikorcarts:crafting/animal_cart/black_willow": {
    "criteria": {
      "has_wheel": "2024-11-22 02:00:14 +0000"
    },
    "done": true
  },
  "mcwfences:recipes/spruce": {
    "criteria": {
      "has_spruce": "2024-11-22 02:00:14 +0000"
    },
    "done": true
  },
  "tfc:crafting/soil/silty_loam_mud_2": {
    "criteria": {
      "has_item": "2024-11-22 02:32:15 +0000"
    },
    "done": true
  },
  "astikorcarts:crafting/plow/holly": {
    "criteria": {
      "has_wheel": "2024-11-22 02:00:14 +0000"
    },
    "done": true
  },
  "mcwfences:recipes/hedge": {
    "criteria": {
      "has_birch": "2024-11-22 02:00:14 +0000"
    },
    "done": true
  },
  "tfc:crafting/soil/silty_loam_mud_1": {
    "criteria": {
      "has_item": "2024-11-22 02:32:15 +0000"
    },
    "done": true
  },
  "tfc:crafting/soil/silty_loam_mud_4": {
    "criteria": {
      "has_item": "2024-11-22 02:32:15 +0000"
    },
    "done": true
  },
  "tfc:crafting/soil/silty_loam_mud_3": {
    "criteria": {
      "has_item": "2024-11-22 02:32:15 +0000"
    },
    "done": true
  },
  "minecraft:recipes/tools/wooden_hoe": {
    "criteria": {
      "has_stick": "2024-11-22 02:01:18 +0000"
    },
    "done": true
  },
  "firmalife:crafting/wood/chestnut_jarbnet": {
    "criteria": {
      "has_item": "2024-11-22 04:13:01 +0000"
    },
    "done": true
  },
  "astikorcarts:crafting/animal_cart/white_jacaranda": {
    "criteria": {
      "has_wheel": "2024-11-22 02:00:14 +0000"
    },
    "done": true
  },
  "smallships:recipes/transportation/jungle_galley": {
    "criteria": {
      "in_water": "2024-11-22 02:25:14 +0000"
    },
    "done": true
  },
  "immersivepetroleum:recipes/building_blocks/oxidized_copper_paraffin_waxed": {
    "criteria": {
      "has_the_recipe": "2024-11-22 02:00:12 +0000"
    },
    "done": true
  },
  "astikorcarts:crafting/animal_cart/ghaf": {
    "criteria": {
      "has_wheel": "2024-11-22 02:00:14 +0000"
    },
    "done": true
  },
  "tfc:crafting/soil/silty_loam_mud_6": {
    "criteria": {
      "has_item": "2024-11-22 02:32:15 +0000"
    },
    "done": true
  },
  "astikorcarts:crafting/animal_cart/white_ipe": {
    "criteria": {
      "has_wheel": "2024-11-22 02:00:14 +0000"
    },
    "done": true
  },
  "tfc:crafting/soil/silty_loam_mud_5": {
    "criteria": {
      "has_item": "2024-11-22 02:32:15 +0000"
    },
    "done": true
  },
  "immersivepetroleum:recipes/building_blocks/exposed_copper_paraffin_waxed": {
    "criteria": {
      "has_the_recipe": "2024-11-22 02:00:13 +0000"
    },
    "done": true
  },
  "astikorcarts:crafting/plow/buxus": {
    "criteria": {
      "has_wheel": "2024-11-22 02:00:14 +0000"
    },
    "done": true
  },
  "smallships:recipes/transportation/acacia_brigg": {
    "criteria": {
      "in_water": "2024-11-22 02:25:14 +0000"
    },
    "done": true
  },
  "tfc:crafting/soil/silty_loam_mud_8": {
    "criteria": {
      "has_item": "2024-11-22 02:32:15 +0000"
    },
    "done": true
  },
  "astikorcarts:crafting/supply_cart/rainbow_eucalyptus": {
    "criteria": {
      "has_wheel": "2024-11-22 02:00:14 +0000"
    },
    "done": true
  },
  "tfc:crafting/soil/silty_loam_mud_7": {
    "criteria": {
      "has_item": "2024-11-22 02:32:15 +0000"
    },
    "done": true
  },
  "astikorcarts:crafting/animal_cart/pear": {
    "criteria": {
      "has_wheel": "2024-11-22 02:00:14 +0000"
    },
    "done": true
  },
  "mcw_tfc_aio:recipes/bamboo": {
    "criteria": {
      "has_bamboo": "2024-11-22 02:00:14 +0000"
    },
    "done": true
  },
  "astikorcarts:crafting/animal_cart/cocobolo": {
    "criteria": {
      "has_wheel": "2024-11-22 02:00:14 +0000"
    },
    "done": true
  },
  "astikorcarts:crafting/supply_cart/hawthorn": {
    "criteria": {
      "has_wheel": "2024-11-22 02:00:14 +0000"
    },
    "done": true
  },
  "astikorcarts:crafting/animal_cart/messmate": {
    "criteria": {
      "has_wheel": "2024-11-22 02:00:14 +0000"
    },
    "done": true
  },
  "astikorcarts:crafting/plow/zebrawood": {
    "criteria": {
      "has_wheel": "2024-11-22 02:00:14 +0000"
    },
    "done": true
  },
  "mcw_tfc_aio:recipes/hickory": {
    "criteria": {
      "has_hickory": "2024-11-22 02:00:14 +0000"
    },
    "done": true
  },
  "immersivepetroleum:recipes/immersiveengineering/toolupgrade_drill_lube": {
    "criteria": {
      "has_the_recipe": "2024-11-22 02:00:12 +0000"
    },
    "done": true
  },
  "astikorcarts:crafting/plow/iroko": {
    "criteria": {
      "has_wheel": "2024-11-22 02:00:14 +0000"
    },
    "done": true
  },
  "astikorcarts:crafting/animal_cart/purpleheart": {
    "criteria": {
      "has_wheel": "2024-11-22 02:00:14 +0000"
    },
    "done": true
  },
  "astikorcarts:crafting/plow/purple_jacaranda": {
    "criteria": {
      "has_wheel": "2024-11-22 02:00:14 +0000"
    },
    "done": true
  },
  "smallships:recipes/transportation/dark_oak_galley": {
    "criteria": {
      "in_water": "2024-11-22 02:25:14 +0000"
    },
    "done": true
  },
  "tfc:crafting/vanilla/bow": {
    "criteria": {
      "has_item": "2024-11-22 04:38:48 +0000"
    },
    "done": true
  },
  "firmaciv:recipes/nav_clock": {
    "criteria": {
      "has_item": "2024-11-22 02:00:14 +0000"
    },
    "done": true
  },
  "astikorcarts:crafting/plow/kauri": {
    "criteria": {
      "has_wheel": "2024-11-22 02:00:14 +0000"
    },
    "done": true
  },
  "astikorcarts:crafting/supply_cart/ash": {
    "criteria": {
      "has_wheel": "2024-11-22 02:00:14 +0000"
    },
    "done": true
  },
  "astikorcarts:crafting/supply_cart/nordmann_fir": {
    "criteria": {
      "has_wheel": "2024-11-22 02:00:14 +0000"
    },
    "done": true
  },
  "astikorcarts:crafting/supply_cart/jabuticabeira": {
    "criteria": {
      "has_wheel": "2024-11-22 02:00:14 +0000"
    },
    "done": true
  },
  "tfc:crafting/wattle": {
    "criteria": {
      "has_item": "2024-11-22 02:30:33 +0000"
    },
    "done": true
  },
  "astikorcarts:crafting/supply_cart/birch": {
    "criteria": {
      "has_wheel": "2024-11-22 02:00:14 +0000"
    },
    "done": true
  },
  "advancedtfctech:story/root": {
    "criteria": {
      "in_game_condition": "2024-11-22 02:00:13 +0000"
    },
    "done": true
  },
  "firmaciv:recipes/canoe_paddle": {
    "criteria": {
      "has_item": "2024-11-22 04:13:01 +0000"
    },
    "done": true
  },
  "exnihilosequentia:recipes/exnihilosequentia/ens_beehive_frame": {
    "criteria": {
      "has_stick": "2024-11-22 02:01:18 +0000"
    },
    "done": true
  },
  "astikorcarts:crafting/supply_cart/laurel": {
    "criteria": {
      "has_wheel": "2024-11-22 02:00:14 +0000"
    },
    "done": true
  },
  "exnihilosequentia:recipes/exnihilosequentia/ens_gold_crook": {
    "criteria": {
      "has_pebble": "2024-11-22 03:54:40 +0000"
    },
    "done": true
  },
  "astikorcarts:crafting/animal_cart/rainbow_eucalyptus": {
    "criteria": {
      "has_wheel": "2024-11-22 02:00:14 +0000"
    },
    "done": true
  },
  "tfc:world/metallurgist": {
    "criteria": {
      "copper": "2024-11-22 04:12:04 +0000"
    },
    "done": false
  },
  "astikorcarts:crafting/plow/teak": {
    "criteria": {
      "has_wheel": "2024-11-22 02:00:14 +0000"
    },
    "done": true
  },
  "astikorcarts:crafting/plow/purple_ipe": {
    "criteria": {
      "has_wheel": "2024-11-22 02:00:14 +0000"
    },
    "done": true
  },
  "tfc:crafting/wood/ash_support": {
    "criteria": {
      "has_item": "2024-11-22 04:12:13 +0000"
    },
    "done": true
  },
  "securitycraft:recipes/securitycraft/reinforced_birch_fence_gate": {
    "criteria": {
      "has_stick": "2024-11-22 02:01:18 +0000"
    },
    "done": true
  },
  "astikorcarts:crafting/supply_cart/brazilwood": {
    "criteria": {
      "has_wheel": "2024-11-22 02:00:14 +0000"
    },
    "done": true
  },
  "astikorcarts:crafting/supply_cart/baobab": {
    "criteria": {
      "has_wheel": "2024-11-22 02:00:14 +0000"
    },
    "done": true
  },
  "securitycraft:recipes/securitycraft/reinforced_acacia_fence_gate": {
    "criteria": {
      "has_stick": "2024-11-22 02:01:18 +0000"
    },
    "done": true
  },
  "firmaciv:recipes/sextant": {
    "criteria": {
      "has_item": "2024-11-22 02:00:14 +0000"
    },
    "done": true
  },
  "smallships:recipes/transportation/birch_brigg": {
    "criteria": {
      "in_water": "2024-11-22 02:25:14 +0000"
    },
    "done": true
  },
  "tfc:story/copper_age": {
    "criteria": {
      "metal_item/copper_tools": "2024-11-22 04:12:13 +0000"
    },
    "done": true
  },
  "astikorcarts:crafting/plow/mahogany": {
    "criteria": {
      "has_wheel": "2024-11-22 02:00:14 +0000"
    },
    "done": true
  },
  "astikorcarts:crafting/animal_cart/norway_spruce": {
    "criteria": {
      "has_wheel": "2024-11-22 02:00:14 +0000"
    },
    "done": true
  },
  "minecraft:recipes/tools/wooden_pickaxe": {
    "criteria": {
      "has_stick": "2024-11-22 02:01:18 +0000"
    },
    "done": true
  },
  "astikorcarts:crafting/plow/rainbow_eucalyptus": {
    "criteria": {
      "has_wheel": "2024-11-22 02:00:14 +0000"
    },
    "done": true
  },
  "minecraft:husbandry/root": {
    "criteria": {
      "consumed_item": "2024-11-22 02:05:28 +0000"
    },
    "done": true
  },
  "tfc:crafting/vanilla/shield": {
    "criteria": {
      "has_item": "2024-11-22 04:13:01 +0000"
    },
    "done": true
  },
  "tfc:crafting/rock/shale_smooth": {
    "criteria": {
      "has_item": "2024-11-23 01:44:37 +0000"
    },
    "done": true
  },
  "mcwfences:recipes/nether": {
    "criteria": {
      "has_nether_brick": "2024-11-22 02:00:14 +0000"
    },
    "done": true
  },
  "minecraft:recipes/transportation/birch_boat": {
    "criteria": {
      "in_water": "2024-11-22 02:25:14 +0000"
    },
    "done": true
  },
  "immersivepetroleum:recipes/building_blocks/oxidized_cut_copper_stairs_paraffin_waxed": {
    "criteria": {
      "has_the_recipe": "2024-11-22 02:00:12 +0000"
    },
    "done": true
  },
  "tfc:story/stone_age": {
    "criteria": {
      "stone_tools": "2024-11-22 02:04:25 +0000"
    },
    "done": true
  },
  "astikorcarts:crafting/plow/red_mangrove": {
    "criteria": {
      "has_wheel": "2024-11-22 02:00:14 +0000"
    },
    "done": true
  },
  "securitycraft:recipes/securitycraft/sonic_security_system": {
    "criteria": {
      "has_stick": "2024-11-22 02:01:18 +0000"
    },
    "done": true
  },
  "tconstruct:recipes/tconstruct/smeltery/smeltery/seared/grout": {
    "criteria": {
      "has_item": "2024-11-22 03:21:19 +0000"
    },
    "done": true
  },
  "tfc:crafting/wood/sycamore_support": {
    "criteria": {
      "has_item": "2024-11-22 04:12:13 +0000"
    },
    "done": true
  },
  "tfc:stonecutting/rock/shale_raw_stairs": {
    "criteria": {
      "has_item": "2024-11-23 01:44:37 +0000"
    },
    "done": true
  },
  "astikorcarts:crafting/supply_cart/white_ipe": {
    "criteria": {
      "has_wheel": "2024-11-22 02:00:14 +0000"
    },
    "done": true
  },
  "tfc:story/logging": {
    "criteria": {
      "logs": "2024-11-22 02:30:33 +0000"
    },
    "done": true
  },
  "mcwfences:recipes/crimson": {
    "criteria": {
      "has_crimson": "2024-11-22 02:00:14 +0000"
    },
    "done": true
  },
  "mcw_tfc_aio:recipes/pine": {
    "criteria": {
      "has_pine": "2024-11-22 02:00:14 +0000"
    },
    "done": true
  },
  "mcwfences:recipes/prismarine": {
    "criteria": {
      "has_qq": "2024-11-22 02:00:14 +0000"
    },
    "done": true
  },
  "astikorcarts:crafting/supply_cart/poplar": {
    "criteria": {
      "has_wheel": "2024-11-22 02:00:14 +0000"
    },
    "done": true
  },
  "astikorcarts:crafting/animal_cart/pink_ivory": {
    "criteria": {
      "has_wheel": "2024-11-22 02:00:14 +0000"
    },
    "done": true
  },
  "astikorcarts:crafting/animal_cart/sycamore": {
    "criteria": {
      "has_wheel": "2024-11-22 02:00:14 +0000"
    },
    "done": true
  },
  "tfc:crafting/rock/shale_cobble_wall": {
    "criteria": {
      "has_item": "2024-11-23 01:44:37 +0000"
    },
    "done": true
  },
  "farmersdelight:main/root": {
    "criteria": {
      "seeds": "2024-11-22 02:00:14 +0000"
    },
    "done": true
  },
  "astikorcarts:crafting/supply_cart/hazel": {
    "criteria": {
      "has_wheel": "2024-11-22 02:00:14 +0000"
    },
    "done": true
  },
  "chiselsandbits:recipes/chiselsandbits/modification_table": {
    "criteria": {
      "has_b": "2024-11-22 02:30:33 +0000"
    },
    "done": true
  },
  "astikorcarts:crafting/supply_cart/larch": {
    "criteria": {
      "has_wheel": "2024-11-22 02:00:14 +0000"
    },
    "done": true
  },
  "astikorcarts:crafting/supply_cart/limba": {
    "criteria": {
      "has_wheel": "2024-11-22 02:00:14 +0000"
    },
    "done": true
  },
  "astikorcarts:crafting/supply_cart/mulberry": {
    "criteria": {
      "has_wheel": "2024-11-22 02:00:14 +0000"
    },
    "done": true
  },
  "astikorcarts:crafting/plow/juniper": {
    "criteria": {
      "has_wheel": "2024-11-22 02:00:14 +0000"
    },
    "done": true
  },
  "mcwfences:recipes/quartz": {
    "criteria": {
      "has_qq": "2024-11-22 02:00:14 +0000"
    },
    "done": true
  },
  "astikorcarts:crafting/plow/maple": {
    "criteria": {
      "has_wheel": "2024-11-22 02:00:14 +0000"
    },
    "done": true
  },
  "astikorcarts:crafting/supply_cart/rubber_fig": {
    "criteria": {
      "has_wheel": "2024-11-22 02:00:14 +0000"
    },
    "done": true
  },
  "exnihilosequentia:recipes/exnihilosequentia/ens_stone_hammer": {
    "criteria": {
      "has_stick": "2024-11-22 02:01:18 +0000"
    },
    "done": true
  },
  "astikorcarts:crafting/plow/yellow_ipe": {
    "criteria": {
      "has_wheel": "2024-11-22 02:00:14 +0000"
    },
    "done": true
  },
  "smallships:recipes/transportation/acacia_drakkar": {
    "criteria": {
      "in_water": "2024-11-22 02:25:14 +0000"
    },
    "done": true
  },
  "mcw_tfc_aio:recipes/awning": {
    "criteria": {
      "has_planks": "2024-11-22 02:00:14 +0000"
    },
    "done": true
  },
  "tfc:crafting/wood/stick_from_twigs": {
    "criteria": {
      "has_item": "2024-11-22 02:01:22 +0000"
    },
    "done": true
  },
  "astikorcarts:crafting/plow/beech": {
    "criteria": {
      "has_wheel": "2024-11-22 02:00:14 +0000"
    },
    "done": true
  },
  "smallships:recipes/transportation/jungle_brigg": {
    "criteria": {
      "in_water": "2024-11-22 02:25:14 +0000"
    },
    "done": true
  },
  "astikorcarts:crafting/animal_cart/kapok": {
    "criteria": {
      "has_wheel": "2024-11-22 02:00:14 +0000"
    },
    "done": true
  },
  "astikorcarts:crafting/plow/hornbeam": {
    "criteria": {
      "has_wheel": "2024-11-22 02:00:14 +0000"
    },
    "done": true
  },
  "tfc:crafting/wood/chestnut_lumber_log": {
    "criteria": {
      "has_item": "2024-11-22 03:37:22 +0000"
    },
    "done": true
  },
  "astikorcarts:crafting/plow/sloe": {
    "criteria": {
      "has_wheel": "2024-11-22 02:00:14 +0000"
    },
    "done": true
  },
  "create:root": {
    "criteria": {
      "0": "2024-11-22 02:00:14 +0000"
    },
    "done": true
  },
  "exnihilosequentia:recipes/exnihilosequentia/ens_cooked_silkworm_from_smoker": {
    "criteria": {
      "has_silkworm": "2024-11-22 04:42:42 +0000"
    },
    "done": true
  },
  "naturescompass:natures_compass_log": {
    "criteria": {
      "has_recipe": "2024-11-22 02:00:14 +0000"
    },
    "done": true
  },
  "tfc:story/find_rock": {
    "criteria": {
      "rock_knapping": "2024-11-22 02:03:17 +0000"
    },
    "done": true
  },
  "minecraft:recipes/misc/gold_ingot_from_nuggets": {
    "criteria": {
      "has_gold_nugget": "2024-11-22 03:54:40 +0000"
    },
    "done": true
  },
  "tfc:crafting/wood/chestnut_planks": {
    "criteria": {
      "has_item": "2024-11-22 04:13:01 +0000"
    },
    "done": true
  },
  "mcw_tfc_aio:recipes/stone": {
    "criteria": {
      "has_stone": "2024-11-22 02:00:14 +0000"
    },
    "done": true
  },
  "mcw_tfc_aio:recipes/end": {
    "criteria": {
      "has_end_brick": "2024-11-22 02:00:14 +0000"
    },
    "done": true
  },
  "astikorcarts:crafting/animal_cart/pine": {
    "criteria": {
      "has_wheel": "2024-11-22 02:00:14 +0000"
    },
    "done": true
  },
  "astikorcarts:crafting/plow/hemlock": {
    "criteria": {
      "has_wheel": "2024-11-22 02:00:14 +0000"
    },
    "done": true
  },
  "astikorcarts:crafting/supply_cart/locust": {
    "criteria": {
      "has_wheel": "2024-11-22 02:00:14 +0000"
    },
    "done": true
  },
  "mcw_tfc_aio:recipes/oak": {
    "criteria": {
      "has_oak": "2024-11-22 02:00:14 +0000"
    },
    "done": true
  },
  "astikorcarts:crafting/plow/mulberry": {
    "criteria": {
      "has_wheel": "2024-11-22 02:00:14 +0000"
    },
    "done": true
  },
  "minecraft:recipes/transportation/oak_boat": {
    "criteria": {
      "in_water": "2024-11-22 02:25:14 +0000"
    },
    "done": true
  },
  "astikorcarts:crafting/plow/white_jacaranda": {
    "criteria": {
      "has_wheel": "2024-11-22 02:00:14 +0000"
    },
    "done": true
  },
  "tfc:crafting/rock/shale_raw_wall": {
    "criteria": {
      "has_item": "2024-11-23 01:44:37 +0000"
    },
    "done": true
  },
  "astikorcarts:crafting/animal_cart/yellow_ipe": {
    "criteria": {
      "has_wheel": "2024-11-22 02:00:14 +0000"
    },
    "done": true
  },
  "astikorcarts:crafting/supply_cart/black_willow": {
    "criteria": {
      "has_wheel": "2024-11-22 02:00:14 +0000"
    },
    "done": true
  },
  "firmaciv:recipes/barometer": {
    "criteria": {
      "has_item": "2024-11-22 02:00:14 +0000"
    },
    "done": true
  },
  "astikorcarts:crafting/supply_cart/angelim": {
    "criteria": {
      "has_wheel": "2024-11-22 02:00:14 +0000"
    },
    "done": true
  },
  "astikorcarts:crafting/animal_cart/mountain_ash": {
    "criteria": {
      "has_wheel": "2024-11-22 02:00:14 +0000"
    },
    "done": true
  },
  "tfc:crafting/vanilla/bowl": {
    "criteria": {
      "has_item": "2024-11-22 04:13:01 +0000"
    },
    "done": true
  },
  "immersivepetroleum:recipes/immersivepetroleum/upgrade_rudders": {
    "criteria": {
      "has_the_recipe": "2024-11-22 02:00:12 +0000"
    },
    "done": true
  },
  "minecraft:recipes/tools/wooden_axe": {
    "criteria": {
      "has_stick": "2024-11-22 02:01:18 +0000"
    },
    "done": true
  },
  "tfc:story/firepit": {
    "criteria": {
      "special_condition": "2024-11-22 03:12:51 +0000"
    },
    "done": true
  },
  "mcw_tfc_aio:recipes/ash": {
    "criteria": {
      "has_ash": "2024-11-22 02:00:14 +0000"
    },
    "done": true
  },
  "astikorcarts:crafting/animal_cart/red_mangrove": {
    "criteria": {
      "has_wheel": "2024-11-22 02:00:14 +0000"
    },
    "done": true
  },
  "tfc:crafting/wood/chestnut_log_fence": {
    "criteria": {
      "has_item": "2024-11-22 04:13:01 +0000"
    },
    "done": true
  },
  "astikorcarts:crafting/animal_cart/sorb": {
    "criteria": {
      "has_wheel": "2024-11-22 02:00:14 +0000"
    },
    "done": true
  },
  "astikorcarts:crafting/plow/acacia": {
    "criteria": {
      "has_wheel": "2024-11-22 02:00:14 +0000"
    },
    "done": true
  },
  "compactcrafting:recipes/compactcrafting/rescan_proxy": {
    "criteria": {
      "got_crafting_table": "2024-11-22 02:00:14 +0000"
    },
    "done": true
  },
  "astikorcarts:crafting/plow/redwood": {
    "criteria": {
      "has_wheel": "2024-11-22 02:00:14 +0000"
    },
    "done": true
  },
  "tfc:crafting/dough/oat_dough_5": {
    "criteria": {
      "has_item": "2024-11-22 03:19:17 +0000"
    },
    "done": true
  },
  "tfc:crafting/dough/oat_dough_6": {
    "criteria": {
      "has_item": "2024-11-22 03:19:17 +0000"
    },
    "done": true
  },
  "tfc:crafting/dough/oat_dough_3": {
    "criteria": {
      "has_item": "2024-11-22 03:19:17 +0000"
    },
    "done": true
  },
  "tfc:crafting/wooden_bucket": {
    "criteria": {
      "has_item": "2024-11-22 04:13:01 +0000"
    },
    "done": true
  },
  "immersivepetroleum:recipes/immersivepetroleum/paraffin_wax_to_block": {
    "criteria": {
      "has_the_recipe": "2024-11-22 02:00:12 +0000"
    },
    "done": true
  },
  "tfc:crafting/dough/oat_dough_4": {
    "criteria": {
      "has_item": "2024-11-22 03:19:17 +0000"
    },
    "done": true
  },
  "tfc:crafting/dough/oat_dough_7": {
    "criteria": {
      "has_item": "2024-11-22 03:19:17 +0000"
    },
    "done": true
  },
  "tfc:crafting/dough/oat_dough_8": {
    "criteria": {
      "has_item": "2024-11-22 03:19:17 +0000"
    },
    "done": true
  },
  "astikorcarts:crafting/plow/medlar": {
    "criteria": {
      "has_wheel": "2024-11-22 02:00:14 +0000"
    },
    "done": true
  },
  "astikorcarts:crafting/animal_cart/white_cedar": {
    "criteria": {
      "has_wheel": "2024-11-22 02:00:14 +0000"
    },
    "done": true
  },
  "tfc:story/find_clay": {
    "criteria": {
      "clay_ball": "2024-11-22 03:21:19 +0000"
    },
    "done": true
  },
  "mcwfences:recipes/sandstone": {
    "criteria": {
      "has_sand": "2024-11-22 02:00:14 +0000"
    },
    "done": true
  },
  "immersivepetroleum:recipes/building_blocks/copper_block_paraffin_waxed": {
    "criteria": {
      "has_the_recipe": "2024-11-22 02:00:12 +0000"
    },
    "done": true
  },
  "mcw_tfc_aio:recipes/kapok": {
    "criteria": {
      "has_kapok": "2024-11-22 02:00:14 +0000"
    },
    "done": true
  },
  "astikorcarts:crafting/plow/ironwood": {
    "criteria": {
      "has_wheel": "2024-11-22 02:00:14 +0000"
    },
    "done": true
  },
  "astikorcarts:crafting/supply_cart/ginkgo": {
    "criteria": {
      "has_wheel": "2024-11-22 02:00:14 +0000"
    },
    "done": true
  },
  "smallships:recipes/transportation/spruce_drakkar": {
    "criteria": {
      "in_water": "2024-11-22 02:25:14 +0000"
    },
    "done": true
  },
  "astikorcarts:crafting/animal_cart/oak": {
    "criteria": {
      "has_wheel": "2024-11-22 02:00:14 +0000"
    },
    "done": true
  },
  "sewingkit:recipes/sewing_kit/bone_sewing_needle": {
    "criteria": {
      "has_material": "2024-11-22 03:09:31 +0000"
    },
    "done": true
  },
  "mcw_tfc_aio:recipes/acacia": {
    "criteria": {
      "has_acacia": "2024-11-22 02:00:14 +0000"
    },
    "done": true
  },
  "astikorcarts:crafting/animal_cart/angelim": {
    "criteria": {
      "has_wheel": "2024-11-22 02:00:14 +0000"
    },
    "done": true
  },
  "astikorcarts:crafting/supply_cart/argyle_eucalyptus": {
    "criteria": {
      "has_wheel": "2024-11-22 02:00:14 +0000"
    },
    "done": true
  },
  "immersivepetroleum:recipes/building_blocks/exposed_cut_copper_slab_paraffin_waxed": {
    "criteria": {
      "has_the_recipe": "2024-11-22 02:00:13 +0000"
    },
    "done": true
  },
  "astikorcarts:crafting/animal_cart/mulberry": {
    "criteria": {
      "has_wheel": "2024-11-22 02:00:14 +0000"
    },
    "done": true
  },
  "astikorcarts:crafting/plow/pink_ivory": {
    "criteria": {
      "has_wheel": "2024-11-22 02:00:14 +0000"
    },
    "done": true
  },
  "securitycraft:recipes/securitycraft/sc_manual": {
    "criteria": {
      "has_wood": "2024-11-22 02:30:33 +0000"
    },
    "done": true
  },
  "exnihilosequentia:recipes/exnihilosequentia/ens_iron_hammer": {
    "criteria": {
      "has_stick": "2024-11-22 02:01:18 +0000"
    },
    "done": true
  },
  "minecraft:recipes/combat/arrow": {
    "criteria": {
      "has_flint": "2024-11-22 03:30:37 +0000"
    },
    "done": true
  },
  "astikorcarts:crafting/animal_cart/purple_ipe": {
    "criteria": {
      "has_wheel": "2024-11-22 02:00:14 +0000"
    },
    "done": true
  },
  "chiselsandbits:recipes/chiselsandbits/chisel_stone": {
    "criteria": {
      "has_rod": "2024-11-22 02:01:18 +0000"
    },
    "done": true
  },
  "mcw_tfc_aio:recipes/birch": {
    "criteria": {
      "has_birch": "2024-11-22 02:00:14 +0000"
    },
    "done": true
  },
  "immersivepetroleum:recipes/building_blocks/cut_copper_paraffin_waxed": {
    "criteria": {
      "has_the_recipe": "2024-11-22 02:00:13 +0000"
    },
    "done": true
  },
  "astikorcarts:crafting/supply_cart/bald_cypress": {
    "criteria": {
      "has_wheel": "2024-11-22 02:00:14 +0000"
    },
    "done": true
  },
  "firmalife:crafting/wood/chestnut_shelf": {
    "criteria": {
      "has_item": "2024-11-22 04:13:01 +0000"
    },
    "done": true
  },
  "astikorcarts:crafting/supply_cart/snow_gum_eucalyptus": {
    "criteria": {
      "has_wheel": "2024-11-22 02:00:14 +0000"
    },
    "done": true
  },
  "astikorcarts:crafting/animal_cart/joshua": {
    "criteria": {
      "has_wheel": "2024-11-22 02:00:14 +0000"
    },
    "done": true
  },
  "tfc:crafting/stone/knife_sedimentary": {
    "criteria": {
      "has_item": "2024-11-22 02:04:25 +0000"
    },
    "done": true
  },
  "tfc:crafting/wood/willow_support": {
    "criteria": {
      "has_item": "2024-11-22 04:12:13 +0000"
    },
    "done": true
  },
  "tfc:crafting/wood/chestnut_sluice": {
    "criteria": {
      "has_item": "2024-11-22 04:13:01 +0000"
    },
    "done": true
  },
  "astikorcarts:crafting/animal_cart/larch": {
    "criteria": {
      "has_wheel": "2024-11-22 02:00:14 +0000"
    },
    "done": true
  },
  "immersivepetroleum:recipes/immersivepetroleum/paraffin_wax_block_to_items": {
    "criteria": {
      "has_the_recipe": "2024-11-22 02:00:12 +0000"
    },
    "done": true
  },
  "securitycraft:recipes/securitycraft/reinforced_jungle_fence_gate": {
    "criteria": {
      "has_stick": "2024-11-22 02:01:18 +0000"
    },
    "done": true
  },
  "farmersdelight:recipes/farmersdelight/cooking/bone_broth": {
    "criteria": {
      "has_bone": "2024-11-22 03:09:31 +0000"
    },
    "done": true
  },
  "astikorcarts:crafting/plow/hawthorn": {
    "criteria": {
      "has_wheel": "2024-11-22 02:00:14 +0000"
    },
    "done": true
  },
  "securitycraft:recipes/securitycraft/reinforced_andesite": {
    "criteria": {
      "has_cobblestone": "2024-11-23 01:44:37 +0000"
    },
    "done": true
  },
  "astikorcarts:crafting/plow/quince": {
    "criteria": {
      "has_wheel": "2024-11-22 02:00:14 +0000"
    },
    "done": true
  },
  "astikorcarts:crafting/supply_cart/chestnut": {
    "criteria": {
      "has_wheel": "2024-11-22 02:00:14 +0000"
    },
    "done": true
  },
  "tfc:crafting/rock/shale_cobble_to_loose_rocks": {
    "criteria": {
      "has_item": "2024-11-23 01:44:37 +0000"
    },
    "done": true
  },
  "tfc:crafting/wood/oak_support": {
    "criteria": {
      "has_item": "2024-11-22 04:12:13 +0000"
    },
    "done": true
  },
  "astikorcarts:crafting/supply_cart/mountain_ash": {
    "criteria": {
      "has_wheel": "2024-11-22 02:00:14 +0000"
    },
    "done": true
  },
  "tfc:crafting/wood/sequoia_support": {
    "criteria": {
      "has_item": "2024-11-22 04:12:13 +0000"
    },
    "done": true
  },
  "mcwfences:recipes/birch": {
    "criteria": {
      "has_birch": "2024-11-22 02:00:14 +0000"
    },
    "done": true
  },
  "astikorcarts:crafting/animal_cart/spruce": {
    "criteria": {
      "has_wheel": "2024-11-22 02:00:14 +0000"
    },
    "done": true
  },
  "tfc:crafting/rock/shale_cobble_stairs": {
    "criteria": {
      "has_item": "2024-11-23 01:44:37 +0000"
    },
    "done": true
  },
  "astikorcarts:crafting/supply_cart/red_cedar": {
    "criteria": {
      "has_wheel": "2024-11-22 02:00:14 +0000"
    },
    "done": true
  },
  "astikorcarts:crafting/plow/yellow_jacaranda": {
    "criteria": {
      "has_wheel": "2024-11-22 02:00:14 +0000"
    },
    "done": true
  },
  "immersivepetroleum:recipes/immersivepetroleum/molotov_wool": {
    "criteria": {
      "has_the_recipe": "2024-11-22 02:00:12 +0000"
    },
    "done": true
  },
  "astikorcarts:crafting/supply_cart/messmate": {
    "criteria": {
      "has_wheel": "2024-11-22 02:00:14 +0000"
    },
    "done": true
  },
  "astikorcarts:crafting/supply_cart/purple_ipe": {
    "criteria": {
      "has_wheel": "2024-11-22 02:00:14 +0000"
    },
    "done": true
  },
  "astikorcarts:crafting/plow/birch": {
    "criteria": {
      "has_wheel": "2024-11-22 02:00:14 +0000"
    },
    "done": true
  },
  "exnihilosequentia:recipes/exnihilosequentia/ens_wooden_crook": {
    "criteria": {
      "has_pebble": "2024-11-22 02:01:18 +0000"
    },
    "done": true
  },
  "mcw_tfc_aio:recipes/gutters": {
    "criteria": {
      "has_planks": "2024-11-22 02:00:14 +0000"
    },
    "done": true
  },
  "astikorcarts:crafting/supply_cart/mahoe": {
    "criteria": {
      "has_wheel": "2024-11-22 02:00:14 +0000"
    },
    "done": true
  },
  "tfc:crafting/firestarter": {
    "criteria": {
      "has_item": "2024-11-22 02:01:18 +0000"
    },
    "done": true
  },
  "astikorcarts:crafting/animal_cart/sloe": {
    "criteria": {
      "has_wheel": "2024-11-22 02:00:14 +0000"
    },
    "done": true
  },
  "astikorcarts:crafting/plow/chestnut": {
    "criteria": {
      "has_wheel": "2024-11-22 02:00:14 +0000"
    },
    "done": true
  },
  "tfc:crafting/dough/oat_dough_1": {
    "criteria": {
      "has_item": "2024-11-22 03:19:17 +0000"
    },
    "done": true
  },
  "tfc:crafting/dough/oat_dough_2": {
    "criteria": {
      "has_item": "2024-11-22 03:19:17 +0000"
    },
    "done": true
  },
  "chiselsandbits:recipes/chiselsandbits/bit_storage": {
    "criteria": {
      "has_l": "2024-11-22 02:30:33 +0000"
    },
    "done": true
  },
  "cgm:recipes/cgm/shell": {
    "criteria": {
      "has_gold_nugget": "2024-11-22 03:54:40 +0000"
    },
    "done": true
  },
  "astikorcarts:crafting/supply_cart/fever": {
    "criteria": {
      "has_wheel": "2024-11-22 02:00:14 +0000"
    },
    "done": true
  },
  "smallships:recipes/transportation/jungle_cog": {
    "criteria": {
      "in_water": "2024-11-22 02:25:14 +0000"
    },
    "done": true
  },
  "precisionprospecting:crafting/metal/prospector_hammer/copper": {
    "criteria": {
      "has_the_recipe": "2024-11-22 04:36:02 +0000"
    },
    "done": true
  },
  "trashcans:recipes/decorations/item_trash_can": {
    "criteria": {
      "recipe_condition": "2024-11-22 04:20:07 +0000"
    },
    "done": true
  },
  "immersivepetroleum:recipes/building_blocks/cut_copper_stairs_paraffin_waxed": {
    "criteria": {
      "has_the_recipe": "2024-11-22 02:00:12 +0000"
    },
    "done": true
  },
  "astikorcarts:crafting/plow/baobab": {
    "criteria": {
      "has_wheel": "2024-11-22 02:00:14 +0000"
    },
    "done": true
  },
  "astikorcarts:crafting/supply_cart/pear": {
    "criteria": {
      "has_wheel": "2024-11-22 02:00:14 +0000"
    },
    "done": true
  },
  "tfc:story/pickaxe": {
    "criteria": {
      "pickaxes": "2024-11-23 01:43:23 +0000"
    },
    "done": true
  },
  "ag_day_counter:day_counter_root_advancement": {
    "criteria": {
      "day_counter_root_advancement": "2024-11-22 02:00:13 +0000"
    },
    "done": true
  },
  "tfc:crafting/stone/javelin_sedimentary": {
    "criteria": {
      "has_item": "2024-11-22 03:08:20 +0000"
    },
    "done": true
  },
  "immersivepetroleum:recipes/immersivepetroleum/gas_generator": {
    "criteria": {
      "has_the_recipe": "2024-11-22 02:00:12 +0000"
    },
    "done": true
  },
  "astikorcarts:crafting/animal_cart/whitebeam": {
    "criteria": {
      "has_wheel": "2024-11-22 02:00:14 +0000"
    },
    "done": true
  },
  "astikorcarts:crafting/supply_cart/pink_ipe": {
    "criteria": {
      "has_wheel": "2024-11-22 02:00:14 +0000"
    },
    "done": true
  },
  "astikorcarts:crafting/plow/poplar": {
    "criteria": {
      "has_wheel": "2024-11-22 02:00:14 +0000"
    },
    "done": true
  },
  "tfc:crafting/wood/maple_wood": {
    "criteria": {
      "has_item": "2024-11-22 02:30:33 +0000"
    },
    "done": true
  },
  "farmersdelight:recipes/farmersdelight/flint_knife": {
    "criteria": {
      "has_stick": "2024-11-22 02:01:18 +0000"
    },
    "done": true
  },
  "astikorcarts:crafting/supply_cart/willow": {
    "criteria": {
      "has_wheel": "2024-11-22 02:00:14 +0000"
    },
    "done": true
  },
  "tfc:crafting/wood/chestnut_tool_rack": {
    "criteria": {
      "has_item": "2024-11-22 04:13:01 +0000"
    },
    "done": true
  },
  "astikorcarts:crafting/animal_cart/pink_cherry_blossom": {
    "criteria": {
      "has_wheel": "2024-11-22 02:00:14 +0000"
    },
    "done": true
  },
  "tfc:crafting/rock/slate_loose_rocks_to_cobble": {
    "criteria": {
      "has_item": "2024-11-22 02:03:17 +0000"
    },
    "done": true
  },
  "astikorcarts:crafting/plow/aspen": {
    "criteria": {
      "has_wheel": "2024-11-22 02:00:14 +0000"
    },
    "done": true
  },
  "tfc:crafting/stick_bunch": {
    "criteria": {
      "has_item": "2024-11-22 02:01:18 +0000"
    },
    "done": true
  },
  "chiselsandbits:recipes/chiselsandbits/magnifying_glass": {
    "criteria": {
      "has_s": "2024-11-22 02:01:18 +0000"
    },
    "done": true
  },
  "astikorcarts:crafting/plow/red_cedar": {
    "criteria": {
      "has_wheel": "2024-11-22 02:00:14 +0000"
    },
    "done": true
  },
  "tfc:story/saw": {
    "criteria": {
      "saws": "2024-11-22 04:12:13 +0000"
    },
    "done": true
  },
  "astikorcarts:crafting/plow/palm": {
    "criteria": {
      "has_wheel": "2024-11-22 02:00:14 +0000"
    },
    "done": true
  },
  "astikorcarts:crafting/animal_cart/mahoe": {
    "criteria": {
      "has_wheel": "2024-11-22 02:00:14 +0000"
    },
    "done": true
  },
  "astikorcarts:crafting/supply_cart/ghaf": {
    "criteria": {
      "has_wheel": "2024-11-22 02:00:14 +0000"
    },
    "done": true
  },
  "astikorcarts:crafting/plow/cypress": {
    "criteria": {
      "has_wheel": "2024-11-22 02:00:14 +0000"
    },
    "done": true
  },
  "astikorcarts:crafting/supply_cart/joshua": {
    "criteria": {
      "has_wheel": "2024-11-22 02:00:14 +0000"
    },
    "done": true
  },
  "immersivepetroleum:recipes/immersivepetroleum/asphalt2": {
    "criteria": {
      "has_the_recipe": "2024-11-22 02:00:13 +0000"
    },
    "done": true
  },
  "mcw_tfc_aio:recipes/terracotta": {
    "criteria": {
      "has_planks": "2024-11-22 02:00:14 +0000"
    },
    "done": true
  },
  "tfc:crafting/vanilla/ladder": {
    "criteria": {
      "has_item": "2024-11-22 04:13:01 +0000"
    },
    "done": true
  },
  "mcw_tfc_aio:recipes/sandstone": {
    "criteria": {
      "has_sand": "2024-11-22 02:00:14 +0000"
    },
    "done": true
  },
  "tfc:crafting/wood/chestnut_trapped_chest": {
    "criteria": {
      "has_item": "2024-11-22 04:20:07 +0000"
    },
    "done": true
  },
  "astikorcarts:crafting/supply_cart/white_jacaranda": {
    "criteria": {
      "has_wheel": "2024-11-22 02:00:14 +0000"
    },
    "done": true
  },
  "firmalife:crafting/beehive": {
    "criteria": {
      "has_item": "2024-11-22 04:13:01 +0000"
    },
    "done": true
  },
  "securitycraft:recipes/securitycraft/motion_activated_light": {
    "criteria": {
      "has_stick": "2024-11-22 02:01:18 +0000"
    },
    "done": true
  },
  "astikorcarts:crafting/plow/blackwood": {
    "criteria": {
      "has_wheel": "2024-11-22 02:00:14 +0000"
    },
    "done": true
  },
  "minecraft:recipes/transportation/jungle_boat": {
    "criteria": {
      "in_water": "2024-11-22 02:25:14 +0000"
    },
    "done": true
  },
  "astikorcarts:crafting/supply_cart/rosewood": {
    "criteria": {
      "has_wheel": "2024-11-22 02:00:14 +0000"
    },
    "done": true
  },
  "minecraft:adventure/shoot_arrow": {
    "criteria": {
      "shot_arrow": "2024-11-22 03:08:35 +0000"
    },
    "done": true
  },
  "astikorcarts:crafting/plow/rosewood": {
    "criteria": {
      "has_wheel": "2024-11-22 02:00:14 +0000"
    },
    "done": true
  },
  "mcwfences:recipes/acacia": {
    "criteria": {
      "has_acacia": "2024-11-22 02:00:14 +0000"
    },
    "done": true
  },
  "tfc:story/mold": {
    "criteria": {
      "fired_molds": "2024-11-22 03:46:12 +0000"
    },
    "done": true
  },
  "firmalife:crafting/oat_dough": {
    "criteria": {
      "has_item": "2024-11-22 03:19:17 +0000"
    },
    "done": true
  },
  "tconstruct:recipes/tconstruct/general/tables/pattern": {
    "criteria": {
      "has_item": "2024-11-22 02:01:18 +0000"
    },
    "done": true
  },
  "immersivepetroleum:recipes/immersivepetroleum/upgrade_icebreaker": {
    "criteria": {
      "has_the_recipe": "2024-11-22 02:00:13 +0000"
    },
    "done": true
  },
  "astikorcarts:crafting/supply_cart/ironwood": {
    "criteria": {
      "has_wheel": "2024-11-22 02:00:14 +0000"
    },
    "done": true
  },
  "minecraft:recipes/transportation/dark_oak_boat": {
    "criteria": {
      "in_water": "2024-11-22 02:25:14 +0000"
    },
    "done": true
  },
  "astikorcarts:crafting/plow/nordmann_fir": {
    "criteria": {
      "has_wheel": "2024-11-22 02:00:14 +0000"
    },
    "done": true
  },
  "tfc:crafting/metal/pickaxe/copper": {
    "criteria": {
      "has_item": "2024-11-23 01:43:16 +0000"
    },
    "done": true
  },
  "astikorcarts:crafting/plow/limba": {
    "criteria": {
      "has_wheel": "2024-11-22 02:00:14 +0000"
    },
    "done": true
  },
  "astikorcarts:crafting/animal_cart/laurel": {
    "criteria": {
      "has_wheel": "2024-11-22 02:00:14 +0000"
    },
    "done": true
  },
  "astikorcarts:crafting/supply_cart/white_cherry_blossom": {
    "criteria": {
      "has_wheel": "2024-11-22 02:00:14 +0000"
    },
    "done": true
  },
  "smallships:recipes/transportation/spruce_galley": {
    "criteria": {
      "in_water": "2024-11-22 02:25:14 +0000"
    },
    "done": true
  },
  "astikorcarts:crafting/animal_cart/fever": {
    "criteria": {
      "has_wheel": "2024-11-22 02:00:14 +0000"
    },
    "done": true
  },
  "compactcrafting:recipes/compactcrafting/projector_dish": {
    "criteria": {
      "got_ender_eye": "2024-11-22 02:00:14 +0000"
    },
    "done": true
  },
  "astikorcarts:crafting/animal_cart/white_elm": {
    "criteria": {
      "has_wheel": "2024-11-22 02:00:14 +0000"
    },
    "done": true
  },
  "chiselsandbits:recipes/chiselsandbits/chisel_gold": {
    "criteria": {
      "has_rod": "2024-11-22 02:01:18 +0000"
    },
    "done": true
  },
  "astikorcarts:crafting/supply_cart/walnut": {
    "criteria": {
      "has_wheel": "2024-11-22 02:00:14 +0000"
    },
    "done": true
  },
  "immersivepetroleum:recipes/immersivepetroleum/oil_can": {
    "criteria": {
      "has_the_recipe": "2024-11-22 02:00:12 +0000"
    },
    "done": true
  },
  "astikorcarts:crafting/plow/pink_cherry_blossom": {
    "criteria": {
      "has_wheel": "2024-11-22 02:00:14 +0000"
    },
    "done": true
  },
  "immersivepetroleum:recipes/building_blocks/oxidized_cut_copper_paraffin_waxed": {
    "criteria": {
      "has_the_recipe": "2024-11-22 02:00:13 +0000"
    },
    "done": true
  },
  "tfc:crafting/wood/chestnut_door": {
    "criteria": {
      "has_item": "2024-11-22 04:13:01 +0000"
    },
    "done": true
  },
  "tfc:crafting/wood/chestnut_fence_gate": {
    "criteria": {
      "has_item": "2024-11-22 04:13:01 +0000"
    },
    "done": true
  },
  "astikorcarts:crafting/supply_cart/marblewood": {
    "criteria": {
      "has_wheel": "2024-11-22 02:00:14 +0000"
    },
    "done": true
  },
  "astikorcarts:crafting/animal_cart/birch": {
    "criteria": {
      "has_wheel": "2024-11-22 02:00:14 +0000"
    },
    "done": true
  },
  "smallships:recipes/transportation/dark_oak_brigg": {
    "criteria": {
      "in_water": "2024-11-22 02:25:14 +0000"
    },
    "done": true
  },
  "astikorcarts:crafting/supply_cart/purple_jacaranda": {
    "criteria": {
      "has_wheel": "2024-11-22 02:00:14 +0000"
    },
    "done": true
  },
  "astikorcarts:crafting/supply_cart/oak": {
    "criteria": {
      "has_wheel": "2024-11-22 02:00:14 +0000"
    },
    "done": true
  },
  "astikorcarts:crafting/plow/hazel": {
    "criteria": {
      "has_wheel": "2024-11-22 02:00:14 +0000"
    },
    "done": true
  },
  "smallships:recipes/transportation/dark_oak_cog": {
    "criteria": {
      "in_water": "2024-11-22 02:25:14 +0000"
    },
    "done": true
  },
  "tfc:crafting/metal/saw/copper": {
    "criteria": {
      "has_item": "2024-11-22 04:12:04 +0000"
    },
    "done": true
  },
  "astikorcarts:crafting/animal_cart/ginkgo": {
    "criteria": {
      "has_wheel": "2024-11-22 02:00:14 +0000"
    },
    "done": true
  },
  "tfc:crafting/wood/chestnut_chest": {
    "criteria": {
      "has_item": "2024-11-22 04:13:01 +0000"
    },
    "done": true
  },
  "astikorcarts:crafting/animal_cart/locust": {
    "criteria": {
      "has_wheel": "2024-11-22 02:00:14 +0000"
    },
    "done": true
  },
  "minecraft:recipes/decorations/soul_campfire": {
    "criteria": {
      "has_stick": "2024-11-22 02:01:18 +0000"
    },
    "done": true
  },
  "astikorcarts:crafting/animal_cart/yellow_meranti": {
    "criteria": {
      "has_wheel": "2024-11-22 02:00:14 +0000"
    },
    "done": true
  },
  "tfc:world/root": {
    "criteria": {
      "in_game_condition": "2024-11-22 02:00:13 +0000"
    },
    "done": true
  },
  "astikorcarts:crafting/plow/larch": {
    "criteria": {
      "has_wheel": "2024-11-22 02:00:14 +0000"
    },
    "done": true
  },
  "astikorcarts:crafting/plow/mountain_ash": {
    "criteria": {
      "has_wheel": "2024-11-22 02:00:14 +0000"
    },
    "done": true
  },
  "astikorcarts:crafting/supply_cart/pink_cherry_blossom": {
    "criteria": {
      "has_wheel": "2024-11-22 02:00:14 +0000"
    },
    "done": true
  },
  "tfc:world/nugget": {
    "criteria": {
      "nuggets": "2024-11-22 03:32:01 +0000"
    },
    "done": true
  },
  "astikorcarts:crafting/animal_cart/teak": {
    "criteria": {
      "has_wheel": "2024-11-22 02:00:14 +0000"
    },
    "done": true
  },
  "DataVersion": 2975
}